,trade_dt_x,wind_code,CITICS_IND_CODE
34,2019-06-28,000005.SZ,b104020100
58,2019-10-31,000007.SZ,b10n020100
59,2019-01-31,000008.SZ,b10a040100
76,2019-08-30,000009.SZ,b10t010100
79,2019-01-31,000010.SZ,b107010100
80,2019-02-28,000010.SZ,b107010100
94,2019-08-30,000011.SZ,b10n010100
110,2019-04-30,000014.SZ,b10n010100
130,2019-04-30,000017.SZ,b10a040300
133,2019-07-31,000017.SZ,b10a040300
134,2019-09-30,000017.SZ,b10a040300
145,2019-01-31,000019.SZ,b10j020400
146,2019-02-28,000019.SZ,b10j020400
156,2019-02-28,000020.SZ,b10p030100
157,2019-03-29,000020.SZ,b10p030100
164,2019-10-31,000020.SZ,b10p030100
191,2019-07-31,000025.SZ,b10t010100
223,2019-09-30,000028.SZ,b10i040100
248,2019-05-31,000031.SZ,b10n010100
267,2019-04-30,000034.SZ,b10q020300
268,2019-05-31,000034.SZ,b10q020300
271,2019-08-30,000034.SZ,b10r030200
272,2019-09-30,000034.SZ,b10r030200
282,2019-09-30,000035.SZ,b104020100
341,2019-09-30,000045.SZ,b10p030100
353,2019-02-28,000048.SZ,b10k020100
354,2019-03-29,000048.SZ,b10k020100
376,2019-05-31,000050.SZ,b10p030100
377,2019-06-28,000050.SZ,b10p030100
394,2019-04-30,000056.SZ,b10n010200
399,2019-09-30,000056.SZ,b10n010200
400,2019-10-31,000056.SZ,b10n010200
448,2019-08-30,000062.SZ,b10n010200
449,2019-09-30,000062.SZ,b10n010200
451,2019-01-31,000063.SZ,b10q020600
457,2019-07-31,000063.SZ,b10q020600
458,2019-08-30,000063.SZ,b10q020600
476,2019-07-31,000066.SZ,b10r010100
485,2019-07-31,000068.SZ,b104020100
486,2019-08-30,000068.SZ,b104020100
488,2019-10-31,000068.SZ,b104020100
507,2019-09-30,000070.SZ,b10q020700
521,2019-04-30,000088.SZ,b10o010100
523,2019-06-28,000088.SZ,b10o010100
525,2019-08-30,000088.SZ,b10o010100
568,2019-01-31,000100.SZ,b10g020100
571,2019-04-30,000100.SZ,b10g020100
582,2019-05-31,000150.SZ,b10i040300
584,2019-07-31,000150.SZ,b10i040300
599,2019-02-28,000153.SZ,b10i010200
609,2019-02-28,000155.SZ,b106010100
610,2019-03-29,000155.SZ,b106010100
632,2019-05-31,000157.SZ,b10a010100
639,2019-02-28,000158.SZ,b10t010100
659,2019-02-28,000166.SZ,b10m010100
660,2019-03-29,000166.SZ,b10m010100
661,2019-04-30,000166.SZ,b10m010100
669,2019-02-28,000301.SZ,b101020500
670,2019-03-29,000301.SZ,b101020500
700,2019-03-29,000400.SZ,b10b020200
751,2019-04-30,000407.SZ,b104020300
780,2019-04-30,000410.SZ,b10a030200
799,2019-05-31,000413.SZ,b10p030100
850,2019-02-28,000420.SZ,b106020400
904,2019-06-28,000426.SZ,b103020200
941,2019-04-30,000488.SZ,b109010100
968,2019-01-31,000502.SZ,b10n010100
984,2019-07-31,000503.SZ,b10i040300
986,2019-09-30,000503.SZ,b10i040300
987,2019-10-31,000503.SZ,b10i040300
1018,2019-01-31,000509.SZ,b108030200
1019,2019-02-28,000509.SZ,b108030200
1020,2019-03-29,000509.SZ,b108030200
1022,2019-05-31,000509.SZ,b108030200
1050,2019-03-29,000514.SZ,b10n010100
1141,2019-05-31,000526.SZ,b10n010100
1145,2019-09-30,000526.SZ,b10t010200
1164,2019-08-30,000529.SZ,b10t010200
1181,2019-06-28,000531.SZ,b104010100
1202,2019-08-30,000533.SZ,b10g040200
1204,2019-10-31,000533.SZ,b10g040200
1205,2019-01-31,000534.SZ,b10n010100
1206,2019-02-28,000534.SZ,b10n010100
1228,2019-04-30,000537.SZ,b10n010100
1234,2019-10-31,000537.SZ,b10n010100
1257,2019-03-29,000540.SZ,b10n010100
1324,2019-02-28,000548.SZ,b10n010200
1333,2019-01-31,000550.SZ,b10d020100
1374,2019-02-28,000554.SZ,b101020400
1403,2019-01-31,000558.SZ,b10n010100
1423,2019-02-28,000560.SZ,b10e010100
1429,2019-08-30,000560.SZ,b10e010100
1445,2019-05-31,000563.SZ,b10m030100
1447,2019-07-31,000563.SZ,b10m030100
1465,2019-05-31,000565.SZ,b106040300
1481,2019-01-31,000567.SZ,b10n010100
1482,2019-02-28,000567.SZ,b10n010100
1483,2019-03-29,000567.SZ,b10n010100
1571,2019-04-30,000584.SZ,b10a020300
1576,2019-09-30,000584.SZ,b10a020300
1577,2019-10-31,000584.SZ,b10a020300
1595,2019-10-31,000586.SZ,b10q020700
1645,2019-01-31,000595.SZ,b10a030400
1653,2019-10-31,000595.SZ,b10a030400
1671,2019-08-30,000597.SZ,b10i010100
1720,2019-09-30,000603.SZ,b103020200
1721,2019-10-31,000603.SZ,b103020200
1733,2019-02-28,000606.SZ,b10s010400
1761,2019-10-31,000608.SZ,b10n010200
1770,2019-09-30,000609.SZ,b10n010100
1771,2019-10-31,000609.SZ,b10n010100
1796,2019-07-31,000612.SZ,b103020500
1797,2019-08-30,000612.SZ,b103020500
1800,2019-02-28,000613.SZ,b10f020100
1810,2019-02-28,000615.SZ,b10n010100
1816,2019-09-30,000615.SZ,b10n010100
1869,2019-02-28,000623.SZ,b10m010100
1878,2019-01-31,000625.SZ,b10d010100
1879,2019-02-28,000625.SZ,b10d010100
1881,2019-04-30,000625.SZ,b10d010100
1900,2019-03-29,000628.SZ,b107010100
1908,2019-01-31,000629.SZ,b105010200
1911,2019-04-30,000629.SZ,b105010200
1912,2019-05-31,000629.SZ,b105010200
1940,2019-03-29,000632.SZ,b10e020100
1952,2019-06-28,000633.SZ,b103020300
1956,2019-10-31,000633.SZ,b103020300
1972,2019-06-28,000636.SZ,b10p030100
1976,2019-10-31,000636.SZ,b10p030100
1994,2019-09-30,000638.SZ,b10t010100
2007,2019-03-29,000650.SZ,b10i020200
2064,2019-01-31,000659.SZ,b109020200
2070,2019-07-31,000659.SZ,b109020200
2073,2019-10-31,000659.SZ,b109020200
2133,2019-01-31,000668.SZ,b10n010100
2159,2019-10-31,000670.SZ,b10p010100
2160,2019-01-31,000671.SZ,b10n010100
2179,2019-10-31,000672.SZ,b108010100
2184,2019-06-28,000673.SZ,b10s010500
2186,2019-08-30,000673.SZ,b10s010500
2203,2019-07-31,000677.SZ,b106020400
2207,2019-01-31,000678.SZ,b10d030100
2209,2019-03-29,000678.SZ,b10d030100
2238,2019-02-28,000681.SZ,b10s010400
2239,2019-03-29,000681.SZ,b10s010400
2245,2019-09-30,000681.SZ,b10s010400
2260,2019-04-30,000683.SZ,b106030800
2286,2019-01-31,000687.SZ,b10c030100
2291,2019-06-28,000687.SZ,b10c030100
2294,2019-10-31,000687.SZ,b10c030100
2332,2019-08-30,000692.SZ,b104020400
2348,2019-05-31,000697.SZ,b10c010100
2365,2019-02-28,000700.SZ,b10d030100
2373,2019-10-31,000700.SZ,b10d030100
2382,2019-09-30,000701.SZ,b10p020100
2442,2019-01-31,000710.SZ,b10d030100
2449,2019-08-30,000710.SZ,b10i030100
2452,2019-02-28,000711.SZ,b104020100
2460,2019-10-31,000711.SZ,b104020100
2473,2019-03-29,000713.SZ,b10k010100
2562,2019-06-28,000723.SZ,b102020100
2563,2019-07-31,000723.SZ,b102020100
2565,2019-09-30,000723.SZ,b102020100
2570,2019-04-30,000725.SZ,b10p030100
2590,2019-04-30,000727.SZ,b10p020100
2591,2019-05-31,000727.SZ,b10p020100
2637,2019-01-31,000735.SZ,b10k020300
2640,2019-04-30,000735.SZ,b10k020300
2642,2019-06-28,000735.SZ,b10k020300
2645,2019-09-30,000735.SZ,b10k020300
2728,2019-02-28,000755.SZ,b106030700
2755,2019-09-30,000757.SZ,b10d030100
2764,2019-08-30,000758.SZ,b103020200
2779,2019-06-28,000760.SZ,b10d030100
2780,2019-07-31,000760.SZ,b10a030500
2810,2019-07-31,000766.SZ,b10i020200
2812,2019-09-30,000766.SZ,b10i020200
2834,2019-01-31,000776.SZ,b10m010100
2898,2019-05-31,000783.SZ,b10m010100
2915,2019-02-28,000786.SZ,b108030200
2937,2019-04-30,000789.SZ,b108010100
2938,2019-05-31,000789.SZ,b108010100
2939,2019-06-28,000789.SZ,b108010100
2974,2019-01-31,000793.SZ,b10s010100
2983,2019-10-31,000793.SZ,b10s010100
2985,2019-02-28,000795.SZ,b108030200
2986,2019-03-29,000795.SZ,b108030200
2992,2019-09-30,000795.SZ,b108030200
2995,2019-02-28,000796.SZ,b10f010200
2996,2019-03-29,000796.SZ,b10f010200
3002,2019-09-30,000796.SZ,b10f010200
3015,2019-02-28,000798.SZ,b10k040200
3023,2019-10-31,000798.SZ,b10k040200
3044,2019-01-31,000801.SZ,b10g020100
3060,2019-07-31,000802.SZ,b10s010500
3064,2019-01-31,000803.SZ,b10t010100
3065,2019-02-28,000803.SZ,b10t010100
3066,2019-03-29,000803.SZ,b10t010100
3070,2019-07-31,000803.SZ,b10t010100
3071,2019-08-30,000803.SZ,b10t010100
3082,2019-03-29,000807.SZ,b103020500
3085,2019-06-28,000807.SZ,b103020500
3100,2019-01-31,000810.SZ,b10g020100
3111,2019-02-28,000811.SZ,b10a030500
3124,2019-06-28,000812.SZ,b10t010100
3135,2019-07-31,000813.SZ,b10i040100
3144,2019-06-28,000815.SZ,b109010100
3228,2019-02-28,000826.SZ,b104020100
3248,2019-02-28,000829.SZ,b10q020300
3257,2019-01-31,000830.SZ,b106010100
3261,2019-05-31,000830.SZ,b106010100
3263,2019-07-31,000830.SZ,b106010100
3273,2019-07-31,000831.SZ,b103030100
3306,2019-10-31,000836.SZ,b10q020300
3320,2019-04-30,000838.SZ,b10n010100
3321,2019-05-31,000838.SZ,b10n010100
3326,2019-01-31,000839.SZ,b10t010100
3330,2019-05-31,000839.SZ,b10t010100
3355,2019-01-31,000851.SZ,b10q020300
3465,2019-04-30,000875.SZ,b104010100
3512,2019-02-28,000881.SZ,b10t010100
3582,2019-02-28,000889.SZ,b10q030100
3584,2019-04-30,000889.SZ,b10q030100
3587,2019-07-31,000889.SZ,b10q030100
3590,2019-10-31,000889.SZ,b10q030100
3595,2019-08-30,000890.SZ,b10a060100
3596,2019-09-30,000890.SZ,b10a060100
3602,2019-05-31,000892.SZ,b10s010300
3604,2019-07-31,000892.SZ,b10s010300
3631,2019-06-28,000897.SZ,b10n010300
3673,2019-08-30,000901.SZ,b10c010200
3734,2019-10-31,000909.SZ,b10t010100
3735,2019-01-31,000910.SZ,b109020300
3741,2019-07-31,000910.SZ,b109020300
3751,2019-08-30,000911.SZ,b10k010300
3761,2019-09-30,000912.SZ,b106010100
3804,2019-02-28,000920.SZ,b104020100
3873,2019-03-29,000928.SZ,b107010100
3923,2019-03-29,000933.SZ,b103020500
3931,2019-01-31,000935.SZ,b108010100
3944,2019-04-30,000936.SZ,b106020100
3945,2019-05-31,000936.SZ,b106020100
3946,2019-06-28,000936.SZ,b106020100
3965,2019-05-31,000938.SZ,b10r010100
3968,2019-08-30,000938.SZ,b10r010100
3977,2019-06-28,000948.SZ,b10r030200
4029,2019-01-31,000955.SZ,b10h040200
4030,2019-02-28,000955.SZ,b10h040200
4049,2019-01-31,000958.SZ,b104010100
4054,2019-06-28,000958.SZ,b104010100
4131,2019-03-29,000967.SZ,b104020100
4149,2019-01-31,000969.SZ,b103030100
4212,2019-09-30,000976.SZ,b10a040100
4214,2019-01-31,000977.SZ,b10r010100
4217,2019-04-30,000977.SZ,b10r010100
4218,2019-05-31,000977.SZ,b10r010100
4221,2019-08-30,000977.SZ,b10r010100
4223,2019-10-31,000977.SZ,b10r010100
4234,2019-01-31,000980.SZ,b10d030100
4235,2019-02-28,000980.SZ,b10d030100
4237,2019-04-30,000980.SZ,b10d030100
4272,2019-02-28,000985.SZ,b101020500
4281,2019-01-31,000987.SZ,b10m030200
4299,2019-09-30,000988.SZ,b10p020100
4374,2019-02-28,001696.SZ,b10a030500
4422,2019-10-31,002002.SZ,b106030200
4443,2019-01-31,002005.SZ,b10p030100
4453,2019-02-28,002006.SZ,b10a010100
4473,2019-02-28,002008.SZ,b10p020100
4475,2019-04-30,002008.SZ,b10p020100
4477,2019-06-28,002008.SZ,b10p020100
4478,2019-07-31,002008.SZ,b10p020100
4487,2019-06-28,002009.SZ,b10a040300
4501,2019-10-31,002010.SZ,b10o020200
4522,2019-02-28,002013.SZ,b10c010100
4541,2019-01-31,002015.SZ,b106020100
4569,2019-10-31,002017.SZ,b10q020300
4617,2019-02-28,002023.SZ,b10a040300
4619,2019-04-30,002023.SZ,b10a040300
4621,2019-06-28,002023.SZ,b10a040300
4624,2019-09-30,002023.SZ,b10a040300
4656,2019-01-31,002027.SZ,b10s010500
4658,2019-03-29,002027.SZ,b10s010500
4661,2019-06-28,002027.SZ,b10s010500
4662,2019-07-31,002027.SZ,b10s010500
4698,2019-03-29,002031.SZ,b10d030100
4739,2019-04-30,002035.SZ,b10g010100
4743,2019-08-30,002035.SZ,b10g010100
4746,2019-01-31,002036.SZ,b10p030100
4755,2019-01-31,002037.SZ,b106040200
4756,2019-02-28,002037.SZ,b106040200
4766,2019-02-28,002038.SZ,b10i030100
4803,2019-09-30,002041.SZ,b10k010100
4847,2019-03-29,002046.SZ,b10a030400
4866,2019-02-28,002048.SZ,b10d030100
4872,2019-08-30,002048.SZ,b10d030100
4875,2019-01-31,002049.SZ,b10p030100
4876,2019-02-28,002049.SZ,b10p030100
4877,2019-04-30,002049.SZ,b10p030100
4882,2019-09-30,002049.SZ,b10p030100
4883,2019-10-31,002049.SZ,b10p030100
4895,2019-03-29,002051.SZ,b107010100
4905,2019-03-29,002052.SZ,b10p020100
4909,2019-08-30,002052.SZ,b10p020100
4911,2019-10-31,002052.SZ,b10p020100
4914,2019-03-29,002053.SZ,b106030200
4926,2019-06-28,002054.SZ,b106040400
4930,2019-10-31,002054.SZ,b106040400
4945,2019-05-31,002056.SZ,b10p030100
4958,2019-09-30,002057.SZ,b105020100
4963,2019-04-30,002058.SZ,b10a050100
4972,2019-03-29,002059.SZ,b10f010100
5022,2019-03-29,002065.SZ,b10r030200
5031,2019-02-28,002066.SZ,b108030200
5062,2019-03-29,002069.SZ,b10k040100
5111,2019-04-30,002075.SZ,b105020100
5112,2019-05-31,002075.SZ,b105020100
5116,2019-09-30,002075.SZ,b105020100
5117,2019-10-31,002075.SZ,b105020100
5137,2019-10-31,002077.SZ,b10n010300
5139,2019-02-28,002078.SZ,b109010100
5155,2019-09-30,002079.SZ,b10p010100
5223,2019-08-30,002086.SZ,b10k040100
5285,2019-01-31,002093.SZ,b10q020400
5308,2019-04-30,002095.SZ,b10s010400
5310,2019-06-28,002095.SZ,b10s010400
5313,2019-09-30,002095.SZ,b10s010400
5317,2019-03-29,002096.SZ,b106040200
5352,2019-08-30,002099.SZ,b10i010100
5374,2019-10-31,002101.SZ,b10d030100
5387,2019-04-30,002103.SZ,b10s010500
5425,2019-02-28,002107.SZ,b10i020200
5426,2019-03-29,002107.SZ,b10i020200
5429,2019-06-28,002107.SZ,b10i020200
5431,2019-08-30,002107.SZ,b10i020200
5458,2019-05-31,002110.SZ,b105010100
5459,2019-06-28,002110.SZ,b105010100
5473,2019-01-31,002112.SZ,b10b020200
5478,2019-06-28,002112.SZ,b10b020200
5488,2019-08-30,002113.SZ,b10s010400
5489,2019-09-30,002113.SZ,b10s010400
5490,2019-10-31,002113.SZ,b10s010400
5491,2019-01-31,002114.SZ,b103020200
5505,2019-05-31,002115.SZ,b10q020400
5508,2019-08-30,002115.SZ,b10q020400
5534,2019-04-30,002118.SZ,b10i020200
5539,2019-09-30,002118.SZ,b10i020200
5568,2019-09-30,002121.SZ,b10b020200
5571,2019-02-28,002122.SZ,b10a030400
5596,2019-09-30,002124.SZ,b10k020100
5641,2019-04-30,002129.SZ,b10b030300
5642,2019-05-31,002129.SZ,b10b030300
5647,2019-10-31,002129.SZ,b10b030300
5648,2019-01-31,002130.SZ,b10p020100
5658,2019-01-31,002131.SZ,b10s010400
5662,2019-05-31,002131.SZ,b10s010400
5709,2019-03-29,002136.SZ,b106040300
5717,2019-01-31,002137.SZ,b10s010500
5743,2019-07-31,002139.SZ,b10p030100
5756,2019-01-31,002141.SZ,b10p020100
5758,2019-03-29,002141.SZ,b10p020100
5759,2019-04-30,002141.SZ,b10p020100
5765,2019-10-31,002141.SZ,b10p020100
5770,2019-05-31,002142.SZ,b10l020200
5813,2019-02-28,002147.SZ,b10n010100
5822,2019-01-31,002148.SZ,b10q030100
5873,2019-03-29,002153.SZ,b10r020200
5874,2019-04-30,002153.SZ,b10r020200
5879,2019-09-30,002153.SZ,b10r020200
5920,2019-01-31,002158.SZ,b10a030500
5940,2019-02-28,002160.SZ,b103020500
5952,2019-04-30,002161.SZ,b10q020200
5954,2019-06-28,002161.SZ,b10q020200
5957,2019-09-30,002161.SZ,b10q020200
5960,2019-02-28,002162.SZ,b108030100
5972,2019-04-30,002163.SZ,b108020100
5979,2019-01-31,002164.SZ,b10a030500
5981,2019-03-29,002164.SZ,b10a030500
5983,2019-06-28,002164.SZ,b10a030500
5984,2019-07-31,002164.SZ,b10a030500
5987,2019-10-31,002164.SZ,b10a030500
5989,2019-02-28,002165.SZ,b106030700
6008,2019-01-31,002167.SZ,b103030100
6009,2019-02-28,002167.SZ,b103030100
6017,2019-10-31,002167.SZ,b103030100
6026,2019-09-30,002168.SZ,b10s010400
6028,2019-01-31,002169.SZ,b10b020200
6029,2019-02-28,002169.SZ,b10b020200
6039,2019-02-28,002170.SZ,b106010400
6042,2019-05-31,002170.SZ,b106010400
6043,2019-06-28,002170.SZ,b106010400
6044,2019-07-31,002170.SZ,b106010400
6085,2019-09-30,002174.SZ,b10s010400
6086,2019-10-31,002174.SZ,b10s010400
6087,2019-02-28,002175.SZ,b10s010300
6093,2019-02-28,002176.SZ,b10a050100
6095,2019-04-30,002176.SZ,b10a050100
6109,2019-09-30,002177.SZ,b10r010200
6111,2019-02-28,002178.SZ,b107010100
6113,2019-04-30,002178.SZ,b107010100
6215,2019-09-30,002189.SZ,b10p030100
6267,2019-05-31,002195.SZ,b10r030100
6274,2019-02-28,002196.SZ,b10a050100
6291,2019-10-31,002197.SZ,b10p020100
6293,2019-02-28,002198.SZ,b10i020200
6297,2019-06-28,002198.SZ,b10i020200
6314,2019-03-29,002200.SZ,b10k030100
6315,2019-04-30,002200.SZ,b10k030100
6338,2019-10-31,002202.SZ,b10b030100
6387,2019-01-31,002208.SZ,b10n010100
6478,2019-06-28,002217.SZ,b10p030100
6480,2019-08-30,002217.SZ,b10p030100
6481,2019-09-30,002217.SZ,b10p030100
6490,2019-08-30,002218.SZ,b10b030300
6503,2019-01-31,002220.SZ,b10k040100
6505,2019-03-29,002220.SZ,b10k040100
6553,2019-02-28,002225.SZ,b108030200
6571,2019-01-31,002227.SZ,b10b020200
6601,2019-01-31,002230.SZ,b10r020200
6619,2019-09-30,002231.SZ,b10q020400
6620,2019-10-31,002231.SZ,b10q020400
6622,2019-02-28,002232.SZ,b10r020200
6648,2019-08-30,002234.SZ,b10k020300
6654,2019-04-30,002235.SZ,b109010100
6657,2019-07-31,002235.SZ,b109010100
6660,2019-01-31,002236.SZ,b10p020100
6663,2019-04-30,002236.SZ,b10p020100
6668,2019-09-30,002236.SZ,b10p020100
6678,2019-09-30,002237.SZ,b103010100
6679,2019-10-31,002237.SZ,b103010100
6690,2019-01-31,002239.SZ,b10d030100
6698,2019-10-31,002239.SZ,b10d030100
6730,2019-04-30,002243.SZ,b109020200
6734,2019-08-30,002243.SZ,b109020200
6748,2019-02-28,002245.SZ,b10o020200
6806,2019-01-31,002251.SZ,b10e010200
6807,2019-02-28,002251.SZ,b10e010200
6815,2019-10-31,002251.SZ,b10e010200
6827,2019-02-28,002253.SZ,b10r020200
6848,2019-03-29,002255.SZ,b10a030100
6856,2019-01-31,002256.SZ,b106040300
6859,2019-04-30,002256.SZ,b106040300
6873,2019-08-30,002258.SZ,b106010500
6876,2019-01-31,002259.SZ,b104020300
6877,2019-02-28,002259.SZ,b104020300
6878,2019-03-29,002259.SZ,b104020300
6883,2019-08-30,002259.SZ,b104020300
6884,2019-09-30,002259.SZ,b104020300
6894,2019-07-31,002261.SZ,b10r020200
6909,2019-02-28,002263.SZ,b106040600
6910,2019-03-29,002263.SZ,b106040600
6920,2019-06-28,002264.SZ,b10e010200
6926,2019-02-28,002265.SZ,b10d030100
6929,2019-06-28,002265.SZ,b10d030100
6930,2019-07-31,002265.SZ,b10d030100
6955,2019-02-28,002268.SZ,b10r010200
6957,2019-04-30,002268.SZ,b10r010200
6973,2019-10-31,002269.SZ,b10h050300
6974,2019-01-31,002270.SZ,b10a030200
6984,2019-01-31,002271.SZ,b108030200
6987,2019-04-30,002271.SZ,b108030200
6988,2019-05-31,002271.SZ,b108030200
7004,2019-02-28,002273.SZ,b10p030100
7010,2019-08-30,002273.SZ,b10p030100
7020,2019-09-30,002274.SZ,b106010100
7054,2019-03-29,002278.SZ,b10a020100
7062,2019-01-31,002279.SZ,b10r020100
7063,2019-02-28,002279.SZ,b10r020100
7064,2019-03-29,002279.SZ,b10r020100
7078,2019-08-30,002280.SZ,b10r020200
7079,2019-09-30,002280.SZ,b10r020200
7087,2019-08-30,002281.SZ,b10q020500
7112,2019-03-29,002284.SZ,b10d030100
7156,2019-07-31,002288.SZ,b10p030100
7157,2019-08-30,002288.SZ,b10p030100
7188,2019-10-31,002292.SZ,b10s010300
7200,2019-02-28,002294.SZ,b10i010200
7210,2019-02-28,002295.SZ,b103020100
7231,2019-03-29,002297.SZ,b105020100
7247,2019-09-30,002298.SZ,b10b020100
7266,2019-08-30,002300.SZ,b10b020200
7279,2019-01-31,002302.SZ,b108010100
7280,2019-02-28,002302.SZ,b108010100
7282,2019-04-30,002302.SZ,b108010100
7284,2019-06-28,002302.SZ,b108010100
7288,2019-10-31,002302.SZ,b108010100
7357,2019-10-31,002310.SZ,b107010100
7369,2019-02-28,002312.SZ,b10r010200
7370,2019-03-29,002312.SZ,b10r010200
7377,2019-10-31,002312.SZ,b10r010200
7386,2019-09-30,002313.SZ,b10q020500
7395,2019-08-30,002314.SZ,b10n010100
7408,2019-01-31,002316.SZ,b10q020200
7447,2019-02-28,002320.SZ,b10o030100
7449,2019-04-30,002320.SZ,b10o030100
7456,2019-01-31,002321.SZ,b10k020300
7505,2019-10-31,002325.SZ,b107020100
7547,2019-02-28,002330.SZ,b10j030100
7548,2019-03-29,002330.SZ,b10j030100
7586,2019-01-31,002334.SZ,b10b020100
7588,2019-03-29,002334.SZ,b10b020100
7596,2019-01-31,002335.SZ,b10q020100
7598,2019-03-29,002335.SZ,b10q020100
7608,2019-04-30,002336.SZ,b10e010200
7634,2019-01-31,002339.SZ,b10b020200
7643,2019-10-31,002339.SZ,b10b020200
7657,2019-04-30,002341.SZ,b10p020100
7681,2019-09-30,002343.SZ,b10s010300
7682,2019-10-31,002343.SZ,b10s010300
7698,2019-06-28,002345.SZ,b10e010300
7700,2019-08-30,002345.SZ,b10e010300
7703,2019-01-31,002346.SZ,b10b020100
7714,2019-02-28,002347.SZ,b10a030400
7715,2019-03-29,002347.SZ,b10a030400
7720,2019-08-30,002347.SZ,b10a030400
7735,2019-04-30,002349.SZ,b10i020200
7744,2019-03-29,002350.SZ,b10b020200
7837,2019-04-30,002360.SZ,b106040200
7875,2019-02-28,002364.SZ,b10b020200
7876,2019-03-29,002364.SZ,b10b020200
7885,2019-02-28,002365.SZ,b10i010100
7897,2019-04-30,002366.SZ,b10a020300
7914,2019-01-31,002368.SZ,b10r030200
7915,2019-02-28,002368.SZ,b10r030200
7943,2019-01-31,002371.SZ,b10p020100
7946,2019-04-30,002371.SZ,b10p020100
7949,2019-07-31,002371.SZ,b10p020100
7951,2019-09-30,002371.SZ,b10p020100
7968,2019-06-28,002373.SZ,b10r030200
7971,2019-09-30,002373.SZ,b10r030200
7973,2019-02-28,002374.SZ,b107020100
7974,2019-03-29,002374.SZ,b107020100
7975,2019-04-30,002374.SZ,b107020100
7994,2019-03-29,002376.SZ,b10r010200
8021,2019-10-31,002378.SZ,b103030100
8053,2019-02-28,002382.SZ,b106040600
8054,2019-03-29,002382.SZ,b10i040200
8084,2019-03-29,002385.SZ,b10k020100
8100,2019-09-30,002386.SZ,b106030200
8113,2019-02-28,002388.SZ,b10p010100
8122,2019-01-31,002389.SZ,b10p030100
8133,2019-02-28,002390.SZ,b10i020200
8140,2019-09-30,002390.SZ,b10i020200
8141,2019-10-31,002390.SZ,b10i020200
8199,2019-08-30,002396.SZ,b10q020300
8229,2019-08-30,002399.SZ,b10i010100
8260,2019-10-31,002402.SZ,b10p030100
8281,2019-01-31,002405.SZ,b10r020100
8285,2019-05-31,002405.SZ,b10r020100
8286,2019-06-28,002405.SZ,b10r020100
8287,2019-07-31,002405.SZ,b10r020100
8289,2019-09-30,002405.SZ,b10r020100
8290,2019-10-31,002405.SZ,b10r020100
8322,2019-02-28,002409.SZ,b106030800
8324,2019-04-30,002409.SZ,b106030800
8327,2019-07-31,002409.SZ,b106030800
8331,2019-01-31,002410.SZ,b10r020200
8343,2019-03-29,002411.SZ,b106030800
8367,2019-07-31,002413.SZ,b10c010100
8369,2019-09-30,002413.SZ,b10c010100
8409,2019-10-31,002417.SZ,b10q020400
8439,2019-03-29,002421.SZ,b10r030200
8458,2019-03-29,002423.SZ,b105020100
8467,2019-02-28,002424.SZ,b10i020200
8475,2019-10-31,002424.SZ,b10i020200
8500,2019-06-28,002427.SZ,b106020100
8503,2019-09-30,002427.SZ,b106020100
8507,2019-03-29,002428.SZ,b103030100
8577,2019-05-31,002435.SZ,b10a030300
8592,2019-10-31,002436.SZ,b10p030100
8617,2019-06-28,002439.SZ,b10r020100
8653,2019-02-28,002443.SZ,b105020100
8654,2019-03-29,002443.SZ,b105020100
8683,2019-05-31,002446.SZ,b10q020300
8684,2019-06-28,002446.SZ,b10q020300
8685,2019-07-31,002446.SZ,b10q020300
8689,2019-01-31,002447.SZ,b10s010400
8707,2019-10-31,002448.SZ,b10d030100
8733,2019-10-31,002451.SZ,b10b020200
8743,2019-10-31,002452.SZ,b10b010100
8779,2019-06-28,002456.SZ,b10p020100
8780,2019-07-31,002456.SZ,b10p020100
8801,2019-08-30,002458.SZ,b10k020300
8816,2019-04-30,002460.SZ,b103030100
8820,2019-08-30,002460.SZ,b103030100
8821,2019-09-30,002460.SZ,b103030100
8851,2019-10-31,002463.SZ,b10p030100
8888,2019-07-31,002467.SZ,b10q030100
8890,2019-09-30,002467.SZ,b10q030100
8891,2019-10-31,002467.SZ,b10q030100
8905,2019-04-30,002469.SZ,b107010100
8922,2019-02-28,002471.SZ,b10b020200
8952,2019-02-28,002474.SZ,b10r030200
8954,2019-04-30,002474.SZ,b10r030200
8960,2019-10-31,002474.SZ,b10r030200
9008,2019-04-30,002480.SZ,b10a040300
9023,2019-09-30,002481.SZ,b10j030400
9024,2019-10-31,002481.SZ,b10j030400
9027,2019-03-29,002482.SZ,b107020100
9028,2019-04-30,002482.SZ,b107020100
9037,2019-03-29,002483.SZ,b10a030300
9042,2019-08-30,002483.SZ,b10a030300
9052,2019-08-30,002484.SZ,b10p030100
9074,2019-10-31,002486.SZ,b10h040400
9084,2019-10-31,002487.SZ,b10b010100
9098,2019-04-30,002489.SZ,b109020300
9099,2019-05-31,002489.SZ,b109020300
9118,2019-04-30,002491.SZ,b10q020700
9126,2019-02-28,002492.SZ,b10o030200
9170,2019-06-28,002496.SZ,b106010500
9171,2019-07-31,002496.SZ,b106010500
9176,2019-02-28,002497.SZ,b106040200
9177,2019-03-29,002497.SZ,b106040200
9180,2019-06-28,002497.SZ,b106040200
9185,2019-01-31,002498.SZ,b10b020100
9195,2019-02-28,002499.SZ,b104020100
9204,2019-02-28,002500.SZ,b10m010100
9205,2019-04-30,002500.SZ,b10m010100
9212,2019-01-31,002501.SZ,b103020500
9215,2019-04-30,002501.SZ,b103020500
9229,2019-09-30,002502.SZ,b10s010300
9231,2019-01-31,002503.SZ,b10h050300
9241,2019-01-31,002504.SZ,b107020100
9242,2019-02-28,002504.SZ,b107020100
9250,2019-01-31,002505.SZ,b10k020300
9255,2019-06-28,002505.SZ,b10k020300
9266,2019-08-30,002507.SZ,b10j030400
9297,2019-10-31,002510.SZ,b10d030100
9318,2019-02-28,002513.SZ,b106010500
9337,2019-01-31,002515.SZ,b10j030100
9367,2019-01-31,002518.SZ,b10r010200
9379,2019-03-29,002519.SZ,b10g020100
9380,2019-04-30,002519.SZ,b10g020100
9388,2019-02-28,002520.SZ,b10a030200
9413,2019-07-31,002522.SZ,b106040600
9463,2019-09-30,002528.SZ,b10p020100
9482,2019-09-30,002530.SZ,b10s010400
9505,2019-03-29,002533.SZ,b10b020100
9533,2019-01-31,002536.SZ,b10d030100
9549,2019-08-30,002537.SZ,b10t010100
9614,2019-04-30,002544.SZ,b10q020400
9616,2019-06-28,002544.SZ,b10q020400
9620,2019-10-31,002544.SZ,b10q020400
9646,2019-06-28,002547.SZ,b10q020300
9649,2019-09-30,002547.SZ,b10q020300
9668,2019-08-30,002549.SZ,b106030800
9672,2019-02-28,002550.SZ,b10i030100
9682,2019-02-28,002551.SZ,b10i040200
9708,2019-09-30,002553.SZ,b10d030100
9711,2019-03-29,002554.SZ,b10a020100
9718,2019-01-31,002555.SZ,b10s010400
9749,2019-02-28,002558.SZ,b10s010400
9791,2019-04-30,002562.SZ,b106040700
9797,2019-10-31,002562.SZ,b106040700
9819,2019-06-28,002565.SZ,b109020200
9822,2019-09-30,002565.SZ,b109020200
9823,2019-10-31,002565.SZ,b109020200
9839,2019-06-28,002567.SZ,b10k020100
9841,2019-08-30,002567.SZ,b10k020100
9842,2019-09-30,002567.SZ,b10k020100
9871,2019-01-31,002571.SZ,b109020300
9873,2019-03-29,002571.SZ,b109020300
9883,2019-04-30,002572.SZ,b109020300
9884,2019-05-31,002572.SZ,b109020300
9887,2019-08-30,002572.SZ,b109020300
9891,2019-02-28,002573.SZ,b104020100
9917,2019-10-31,002575.SZ,b109020300
9929,2019-02-28,002577.SZ,b10r010100
9948,2019-01-31,002579.SZ,b10p030100
9958,2019-01-31,002580.SZ,b10b030300
9988,2019-01-31,002583.SZ,b10q020300
9990,2019-03-29,002583.SZ,b10q020300
9995,2019-08-30,002583.SZ,b10q020300
9996,2019-09-30,002583.SZ,b10q020300
9998,2019-01-31,002584.SZ,b106040700
9999,2019-02-28,002584.SZ,b106040700
10019,2019-03-29,002586.SZ,b107010100
10047,2019-02-28,002589.SZ,b10i020200
10079,2019-07-31,002592.SZ,b10d030100
10081,2019-09-30,002592.SZ,b10d030100
10113,2019-01-31,002596.SZ,b108010100
10116,2019-04-30,002596.SZ,b108010100
10144,2019-02-28,002599.SZ,b10s010100
10153,2019-01-31,002600.SZ,b10p030100
10157,2019-06-28,002600.SZ,b10p030100
10169,2019-08-30,002601.SZ,b106040300
10218,2019-06-28,002607.SZ,b10d040100
10234,2019-02-28,002609.SZ,b10r020200
10246,2019-04-30,002610.SZ,b10b030300
10260,2019-10-31,002611.SZ,b10a020300
10272,2019-02-28,002613.SZ,b108020100
10320,2019-10-31,002617.SZ,b10b020100
10321,2019-01-31,002618.SZ,b10p030100
10324,2019-04-30,002618.SZ,b10p030100
10369,2019-10-31,002622.SZ,b10b020100
10393,2019-04-30,002625.SZ,b10d030100
10411,2019-02-28,002627.SZ,b10o020100
10412,2019-03-29,002627.SZ,b10o020100
10423,2019-04-30,002628.SZ,b107010100
10430,2019-02-28,002629.SZ,b10a020100
10439,2019-02-28,002630.SZ,b104020100
10445,2019-08-30,002630.SZ,b10b010100
10449,2019-02-28,002631.SZ,b10k030100
10453,2019-06-28,002631.SZ,b10k030100
10491,2019-04-30,002635.SZ,b10r010200
10495,2019-08-30,002635.SZ,b10r010200
10506,2019-09-30,002636.SZ,b10p030100
10517,2019-10-31,002637.SZ,b106040100
10534,2019-08-30,002639.SZ,b10a020300
10544,2019-08-30,002640.SZ,b10e020100
10545,2019-09-30,002640.SZ,b10e020100
10546,2019-10-31,002640.SZ,b10e020100
10561,2019-07-31,002642.SZ,b10r020200
10586,2019-02-28,002645.SZ,b10a060100
10587,2019-03-29,002645.SZ,b10a060100
10599,2019-05-31,002646.SZ,b10j010100
10621,2019-08-30,002648.SZ,b101020500
10625,2019-02-28,002649.SZ,b10r030100
10631,2019-08-30,002649.SZ,b10r030100
10635,2019-02-28,002650.SZ,b10j030200
10636,2019-03-29,002650.SZ,b10j030200
10652,2019-09-30,002651.SZ,b10a020300
10685,2019-02-28,002655.SZ,b10p020100
10711,2019-09-30,002657.SZ,b10r030100
10714,2019-02-28,002658.SZ,b104020100
10730,2019-08-30,002659.SZ,b10t010200
10755,2019-04-30,002662.SZ,b10d030100
10763,2019-04-30,002663.SZ,b107010100
10765,2019-06-28,002663.SZ,b107010100
10768,2019-09-30,002663.SZ,b107010100
10771,2019-02-28,002664.SZ,b10c010100
10778,2019-09-30,002664.SZ,b10a030500
10836,2019-08-30,002670.SZ,b10m010100
10841,2019-03-29,002671.SZ,b108010100
10847,2019-09-30,002671.SZ,b108010100
10860,2019-02-28,002673.SZ,b10m010100
10869,2019-01-31,002674.SZ,b10h040400
10889,2019-02-28,002676.SZ,b10g010100
10893,2019-07-31,002676.SZ,b10g010100
10895,2019-10-31,002676.SZ,b10g010100
10948,2019-04-30,002683.SZ,b106040200
10972,2019-10-31,002685.SZ,b10a030300
10996,2019-04-30,002688.SZ,b10i030100
11008,2019-06-28,002689.SZ,b10a040300
11009,2019-07-31,002689.SZ,b10a040300
11010,2019-08-30,002689.SZ,b10a040300
11043,2019-03-29,002693.SZ,b10i010100
11046,2019-06-28,002693.SZ,b10i010100
11052,2019-02-28,002694.SZ,b106040600
11057,2019-07-31,002694.SZ,b106040600
11116,2019-09-30,002700.SZ,b104020300
11143,2019-07-31,002703.SZ,b10d030100
11146,2019-10-31,002703.SZ,b10d030100
11168,2019-02-28,002707.SZ,b10f010200
11190,2019-06-28,002709.SZ,b106040100
11194,2019-10-31,002709.SZ,b106040700
11227,2019-04-30,002714.SZ,b10k020300
11229,2019-06-28,002714.SZ,b10k020300
11247,2019-04-30,002716.SZ,b103030100
11260,2019-08-30,002717.SZ,b107010100
11314,2019-02-28,002724.SZ,b10p020100
11343,2019-02-28,002727.SZ,b10i040100
11362,2019-01-31,002729.SZ,b10b020200
11374,2019-03-29,002730.SZ,b10b020200
11393,2019-02-28,002732.SZ,b10j030300
11451,2019-10-31,300001.SZ,b10b020100
11461,2019-10-31,300002.SZ,b10r030100
11465,2019-04-30,300003.SZ,b10i040200
11466,2019-05-31,300003.SZ,b10i040200
11467,2019-06-28,300003.SZ,b10i040200
11472,2019-01-31,300004.SZ,b10a010100
11478,2019-07-31,300004.SZ,b10a010100
11498,2019-08-30,300006.SZ,b10i010200
11500,2019-10-31,300006.SZ,b10i010200
11516,2019-07-31,300008.SZ,b10a040200
11518,2019-09-30,300008.SZ,b10a040200
11519,2019-10-31,300008.SZ,b10a040200
11537,2019-08-30,300010.SZ,b10r030100
11574,2019-05-31,300014.SZ,b10p030100
11603,2019-05-31,300017.SZ,b10q030100
11604,2019-06-28,300017.SZ,b10q030100
11605,2019-07-31,300017.SZ,b10r020200
11615,2019-08-30,300018.SZ,b10b020200
11618,2019-01-31,300019.SZ,b106030500
11630,2019-03-29,300020.SZ,b10r030200
11636,2019-09-30,300020.SZ,b10r030200
11640,2019-03-29,300021.SZ,b108030200
11645,2019-08-30,300021.SZ,b108030200
11684,2019-10-31,300025.SZ,b10q020400
11696,2019-02-28,300027.SZ,b10s010300
11700,2019-06-28,300027.SZ,b10s010300
11709,2019-02-28,300029.SZ,b10a020300
11716,2019-09-30,300029.SZ,b10a020300
11743,2019-07-31,300032.SZ,b10p030100
11747,2019-01-31,300033.SZ,b10r020100
11753,2019-08-30,300033.SZ,b10r020100
11755,2019-10-31,300033.SZ,b10r020100
11769,2019-04-30,300035.SZ,b10a020300
11776,2019-02-28,300036.SZ,b10r020100
11778,2019-04-30,300036.SZ,b10r020100
11781,2019-07-31,300036.SZ,b10r020100
11782,2019-08-30,300036.SZ,b10r020100
11783,2019-09-30,300036.SZ,b10r020100
11798,2019-04-30,300038.SZ,b10q020500
11857,2019-03-29,300044.SZ,b107010100
11858,2019-04-30,300044.SZ,b107010100
11862,2019-08-30,300044.SZ,b107010100
11863,2019-09-30,300044.SZ,b107010100
11865,2019-01-31,300045.SZ,b10c030100
11882,2019-08-30,300046.SZ,b10p010100
11888,2019-04-30,300047.SZ,b10q030100
11896,2019-02-28,300048.SZ,b10b020200
11915,2019-01-31,300050.SZ,b10q020400
11925,2019-03-29,300051.SZ,b10s010400
11928,2019-07-31,300051.SZ,b10s010400
11930,2019-09-30,300051.SZ,b10s010400
11939,2019-08-30,300052.SZ,b10s010400
11961,2019-02-28,300055.SZ,b104020100
11962,2019-03-29,300055.SZ,b104020100
11987,2019-09-30,300057.SZ,b109020100
11999,2019-01-31,300059.SZ,b10s010400
12003,2019-05-31,300059.SZ,b10s010400
12005,2019-07-31,300059.SZ,b10s010400
12006,2019-08-30,300059.SZ,b10s010400
12007,2019-09-30,300059.SZ,b10m010100
12009,2019-01-31,300061.SZ,b109020300
12033,2019-06-28,300063.SZ,b10s010500
12048,2019-01-31,300065.SZ,b10c030100
12050,2019-04-30,300065.SZ,b10c030100
12096,2019-10-31,300069.SZ,b10b020200
12098,2019-02-28,300070.SZ,b104020100
12120,2019-06-28,300072.SZ,b106040700
12125,2019-01-31,300073.SZ,b106030800
12143,2019-09-30,300074.SZ,b10r010200
12147,2019-03-29,300075.SZ,b10r020200
12151,2019-07-31,300075.SZ,b10r020200
12155,2019-01-31,300076.SZ,b10r010200
12156,2019-02-28,300076.SZ,b10r010200
12171,2019-07-31,300077.SZ,b10p010100
12172,2019-08-30,300077.SZ,b10p010100
12185,2019-01-31,300079.SZ,b10s010200
12188,2019-04-30,300079.SZ,b10s010200
12232,2019-08-30,300083.SZ,b10p020100
12234,2019-10-31,300083.SZ,b10p020100
12249,2019-06-28,300085.SZ,b10r020200
12291,2019-08-30,300089.SZ,b10t010200
12327,2019-07-31,300093.SZ,b108020100
12345,2019-07-31,300095.SZ,b10a030300
12372,2019-06-28,300098.SZ,b10r010200
12374,2019-08-30,300098.SZ,b10r010200
12375,2019-09-30,300098.SZ,b10r010200
12393,2019-08-30,300100.SZ,b10d030100
12397,2019-02-28,300101.SZ,b10c030100
12449,2019-01-31,300107.SZ,b106030700
12450,2019-02-28,300107.SZ,b106030700
12451,2019-03-29,300107.SZ,b106030700
12452,2019-04-30,300107.SZ,b106030700
12462,2019-04-30,300108.SZ,b106030800
12476,2019-08-30,300109.SZ,b10i010100
12480,2019-02-28,300110.SZ,b10i010200
12483,2019-06-28,300110.SZ,b10i010200
12499,2019-02-28,300112.SZ,b10a050100
12500,2019-03-29,300112.SZ,b10a050100
12509,2019-02-28,300113.SZ,b10s010400
12512,2019-05-31,300113.SZ,b10s010400
12513,2019-06-28,300113.SZ,b10s010400
12519,2019-02-28,300114.SZ,b10c030100
12526,2019-09-30,300114.SZ,b10c030100
12530,2019-03-29,300115.SZ,b10p030100
12537,2019-10-31,300115.SZ,b10p030100
12554,2019-07-31,300117.SZ,b107020100
12569,2019-03-29,300119.SZ,b10k020200
12613,2019-09-30,300123.SZ,b10c030100
12667,2019-03-29,300129.SZ,b10b010100
12685,2019-01-31,300131.SZ,b10p020100
12692,2019-08-30,300131.SZ,b10p020100
12712,2019-09-30,300133.SZ,b10s010300
12720,2019-07-31,300134.SZ,b10q020600
12722,2019-09-30,300134.SZ,b10q020600
12723,2019-10-31,300134.SZ,b10q020600
12738,2019-05-31,300136.SZ,b10q020300
12783,2019-01-31,300141.SZ,b10b020100
12812,2019-10-31,300143.SZ,b10i040200
12824,2019-02-28,300145.SZ,b10a030500
12836,2019-05-31,300146.SZ,b10j030400
12860,2019-09-30,300148.SZ,b10s010100
12878,2019-07-31,300150.SZ,b10r020200
12880,2019-09-30,300150.SZ,b10r020200
12896,2019-07-31,300152.SZ,b104020100
12898,2019-09-30,300152.SZ,b104020100
12899,2019-10-31,300152.SZ,b104020100
12925,2019-07-31,300155.SZ,b10p020100
12941,2019-03-29,300157.SZ,b10r020200
12966,2019-08-30,300159.SZ,b10a020300
12970,2019-02-28,300160.SZ,b108020100
12971,2019-03-29,300160.SZ,b108020100
12980,2019-02-28,300161.SZ,b10a030200
12990,2019-02-28,300162.SZ,b10p030100
13004,2019-06-28,300163.SZ,b108030200
13014,2019-06-28,300164.SZ,b10a020100
13017,2019-09-30,300164.SZ,b10a020100
13036,2019-08-30,300166.SZ,b10r020200
13047,2019-09-30,300167.SZ,b10r010200
13049,2019-01-31,300168.SZ,b10r020200
13050,2019-02-28,300168.SZ,b10r020200
13054,2019-06-28,300168.SZ,b10r020200
13065,2019-07-31,300169.SZ,b106040700
13069,2019-01-31,300170.SZ,b10r030200
13070,2019-02-28,300170.SZ,b10r030200
13073,2019-05-31,300170.SZ,b10r030200
13074,2019-06-28,300170.SZ,b10r030200
13078,2019-10-31,300170.SZ,b10r030200
13108,2019-02-28,300174.SZ,b106040700
13123,2019-07-31,300175.SZ,b10k010200
13139,2019-04-30,300177.SZ,b10r010200
13144,2019-09-30,300177.SZ,b10r010200
13204,2019-10-31,300184.SZ,b10p030100
13232,2019-08-30,300188.SZ,b10r020100
13234,2019-10-31,300188.SZ,b10r020100
13256,2019-02-28,300191.SZ,b10r020200
13257,2019-03-29,300191.SZ,b10r020200
13258,2019-04-30,300191.SZ,b10r020200
13264,2019-10-31,300191.SZ,b10a020100
13270,2019-06-28,300192.SZ,b106040400
13291,2019-09-30,300194.SZ,b10i010100
13330,2019-10-31,300198.SZ,b108030200
13352,2019-02-28,300201.SZ,b10d020300
13413,2019-06-28,300207.SZ,b10p030100
13414,2019-07-31,300207.SZ,b10p030100
13423,2019-06-28,300208.SZ,b10b010100
13436,2019-09-30,300209.SZ,b10r020200
13443,2019-07-31,300210.SZ,b10a020300
13444,2019-08-30,300210.SZ,b10a020300
13456,2019-02-28,300212.SZ,b10r020200
13458,2019-04-30,300212.SZ,b10r020200
13486,2019-02-28,300215.SZ,b10b020200
13487,2019-03-29,300215.SZ,b10b020200
13549,2019-05-31,300222.SZ,b10b020200
13574,2019-01-31,300225.SZ,b106040300
13575,2019-02-28,300225.SZ,b106040300
13592,2019-10-31,300226.SZ,b10s010400
13596,2019-04-30,300227.SZ,b10p020100
13622,2019-10-31,300229.SZ,b10r020100
13675,2019-03-29,300235.SZ,b10r020100
13676,2019-04-30,300235.SZ,b10r020100
13678,2019-06-28,300235.SZ,b10r020100
13689,2019-07-31,300236.SZ,b106040700
13696,2019-04-30,300237.SZ,b107010100
13700,2019-08-30,300237.SZ,b107010100
13709,2019-09-30,300238.SZ,b10i030100
13718,2019-08-30,300239.SZ,b10i030100
13722,2019-02-28,300240.SZ,b10o020200
13726,2019-06-28,300240.SZ,b10o020200
13733,2019-04-30,300241.SZ,b10p030100
13740,2019-01-31,300242.SZ,b10s010500
13745,2019-06-28,300242.SZ,b10s010500
13749,2019-10-31,300242.SZ,b10s010500
13779,2019-02-28,300246.SZ,b10i040200
13800,2019-04-30,300248.SZ,b10r020200
13805,2019-09-30,300248.SZ,b10r020200
13838,2019-04-30,300252.SZ,b10c030100
13843,2019-09-30,300252.SZ,b10c030100
13845,2019-01-31,300253.SZ,b10r020200
13848,2019-04-30,300253.SZ,b10r020200
13851,2019-07-31,300253.SZ,b10r020200
13853,2019-09-30,300253.SZ,b10r020200
13857,2019-03-29,300254.SZ,b10i010200
13883,2019-09-30,300256.SZ,b10p030100
13904,2019-01-31,300259.SZ,b10a050100
13905,2019-02-28,300259.SZ,b10a050100
13906,2019-03-29,300259.SZ,b10a050100
13954,2019-02-28,300264.SZ,b10q020300
13962,2019-01-31,300265.SZ,b10b020100
14000,2019-10-31,300268.SZ,b10k010300
14007,2019-08-30,300269.SZ,b10s010500
14011,2019-02-28,300270.SZ,b10r010200
14012,2019-03-29,300270.SZ,b10r010200
14026,2019-07-31,300271.SZ,b10r020200
14041,2019-03-29,300273.SZ,b10i040200
14053,2019-05-31,300274.SZ,b10b030300
14055,2019-07-31,300274.SZ,b10b030300
14066,2019-09-30,300275.SZ,b10r010200
14078,2019-01-31,300277.SZ,b10r020200
14080,2019-03-29,300277.SZ,b10r020200
14096,2019-10-31,300278.SZ,b10a030200
14148,2019-03-29,300284.SZ,b107010100
14160,2019-05-31,300285.SZ,b106030800
14186,2019-02-28,300288.SZ,b10q030100
14187,2019-03-29,300288.SZ,b10q030100
14214,2019-01-31,300291.SZ,b10s010200
14229,2019-07-31,300292.SZ,b10q020700
14232,2019-10-31,300292.SZ,b10q020700
14244,2019-02-28,300294.SZ,b10i030100
14280,2019-08-30,300297.SZ,b10r020200
14298,2019-07-31,300299.SZ,b10s010400
14300,2019-09-30,300299.SZ,b10s010400
14322,2019-01-31,300302.SZ,b10r030200
14334,2019-03-29,300303.SZ,b10p010100
14369,2019-08-30,300306.SZ,b10a050100
14374,2019-03-29,300307.SZ,b10a020200
14382,2019-01-31,300308.SZ,b10a020300
14395,2019-04-30,300309.SZ,b10a020100
14398,2019-07-31,300309.SZ,b10m030200
14400,2019-09-30,300309.SZ,b10m030200
14409,2019-09-30,300310.SZ,b10q020400
14410,2019-10-31,300310.SZ,b10q020400
14438,2019-08-30,300313.SZ,b10k020300
14458,2019-10-31,300315.SZ,b10s010400
14463,2019-05-31,300316.SZ,b10a020300
14468,2019-10-31,300316.SZ,b10a020300
14476,2019-10-31,300317.SZ,b10g040100
14478,2019-02-28,300318.SZ,b10i010200
14497,2019-01-31,300320.SZ,b106040500
14521,2019-05-31,300322.SZ,b10q020300
14540,2019-04-30,300324.SZ,b10r020200
14544,2019-08-30,300324.SZ,b10r020200
14545,2019-09-30,300324.SZ,b10r020200
14567,2019-01-31,300328.SZ,b103020500
14569,2019-03-29,300328.SZ,b103020500
14575,2019-09-30,300328.SZ,b103020500
14619,2019-04-30,300333.SZ,b10r030200
14624,2019-09-30,300333.SZ,b10r030200
14625,2019-10-31,300333.SZ,b10r030200
14632,2019-07-31,300334.SZ,b104020100
14635,2019-10-31,300334.SZ,b104020100
14638,2019-03-29,300335.SZ,b104020100
14662,2019-08-30,300337.SZ,b103020500
14674,2019-10-31,300338.SZ,b10t010200
14678,2019-04-30,300339.SZ,b10r020200
14679,2019-05-31,300339.SZ,b10r020200
14681,2019-07-31,300339.SZ,b10r020200
14683,2019-09-30,300339.SZ,b10r020200
14692,2019-08-30,300340.SZ,b106040700
14705,2019-01-31,300342.SZ,b10g010100
14713,2019-09-30,300342.SZ,b10g010100
14720,2019-07-31,300343.SZ,b10s010500
14734,2019-01-31,300345.SZ,b108030200
14743,2019-01-31,300346.SZ,b10p010100
14744,2019-02-28,300346.SZ,b10p010100
14766,2019-04-30,300348.SZ,b10r020200
14768,2019-06-28,300348.SZ,b10r020200
14769,2019-07-31,300348.SZ,b10r020200
14788,2019-07-31,300351.SZ,b10a040100
14798,2019-07-31,300352.SZ,b10r020100
14802,2019-01-31,300353.SZ,b10q020300
14813,2019-02-28,300354.SZ,b10a050100
14824,2019-03-29,300355.SZ,b107010100
14901,2019-06-28,300366.SZ,b10q020400
14904,2019-09-30,300366.SZ,b10r030200
14913,2019-08-30,300367.SZ,b10r020200
14918,2019-04-30,300368.SZ,b10a020300
14972,2019-01-31,300377.SZ,b10r020200
14975,2019-04-30,300377.SZ,b10r020200
14977,2019-06-28,300377.SZ,b10r020200
14979,2019-08-30,300377.SZ,b10r020200
14980,2019-09-30,300377.SZ,b10r020200
14981,2019-10-31,300377.SZ,b10r020200
15003,2019-02-28,300380.SZ,b10r020200
15010,2019-09-30,300380.SZ,b10r020200
15034,2019-03-29,300383.SZ,b10q010100
15035,2019-04-30,300383.SZ,b10q010100
15036,2019-05-31,300383.SZ,b10q010100
15038,2019-07-31,300383.SZ,b10q010100
15039,2019-08-30,300383.SZ,b10q010100
15040,2019-09-30,300383.SZ,b10q010100
15041,2019-10-31,300383.SZ,b10q010100
15045,2019-04-30,300384.SZ,b101020500
15050,2019-09-30,300384.SZ,b101020500
15058,2019-07-31,300385.SZ,b104020100
15073,2019-02-28,300387.SZ,b106010400
15074,2019-03-29,300387.SZ,b106010400
15075,2019-04-30,300387.SZ,b106010400
15078,2019-07-31,300387.SZ,b106010400
15126,2019-06-28,300392.SZ,b10s010400
15130,2019-10-31,300392.SZ,b10s010400
15131,2019-01-31,300393.SZ,b10b030300
15139,2019-09-30,300393.SZ,b10b030300
15151,2019-01-31,300396.SZ,b10i040200
15152,2019-02-28,300396.SZ,b10i040200
15165,2019-07-31,300397.SZ,b10c020100
15197,2019-01-31,300402.SZ,b10a060100
15230,2019-06-28,300406.SZ,b10i010200
15235,2019-01-31,300407.SZ,b10b020200
15243,2019-09-30,300407.SZ,b10b020200
15255,2019-01-31,300409.SZ,b108030100
15262,2019-08-30,300409.SZ,b108030100
15271,2019-08-30,300410.SZ,b10a050100
15280,2019-08-30,300411.SZ,b10a040100
15284,2019-02-28,300412.SZ,b10i040200
15285,2019-03-29,300412.SZ,b10i040200
15286,2019-04-30,300412.SZ,b10i040200
15288,2019-06-28,300412.SZ,b10i040200
15294,2019-02-28,600000.SH,b10l020100
15296,2019-04-30,600000.SH,b10l020100
15297,2019-05-31,600000.SH,b10l020100
15304,2019-02-28,600004.SH,b10o040200
15306,2019-04-30,600004.SH,b10o040200
15307,2019-05-31,600004.SH,b10o040200
15335,2019-03-29,600008.SH,b104020100
15394,2019-02-28,600016.SH,b10l020100
15472,2019-01-31,600026.SH,b10o030100
15501,2019-01-31,600029.SH,b10o040100
15512,2019-02-28,600030.SH,b10m010100
15518,2019-08-30,600030.SH,b10m010100
15543,2019-03-29,600035.SH,b10o010100
15772,2019-10-31,600069.SH,b109010100
15799,2019-09-30,600072.SH,b10a040200
15800,2019-10-31,600072.SH,b10a040200
15816,2019-03-29,600075.SH,b106030200
15819,2019-06-28,600075.SH,b106030200
15843,2019-01-31,600078.SH,b106030600
15853,2019-01-31,600079.SH,b10i010200
15856,2019-04-30,600079.SH,b10i010200
15861,2019-09-30,600079.SH,b10i010200
15864,2019-02-28,600080.SH,b10i030100
15884,2019-03-29,600082.SH,b10t010100
15909,2019-09-30,600084.SH,b10j020200
15961,2019-03-29,600091.SH,b106030200
15980,2019-02-28,600094.SH,b10n010100
15990,2019-02-28,600095.SH,b10n010100
16008,2019-10-31,600096.SH,b106030600
16039,2019-02-28,600100.SH,b10r010100
16087,2019-10-31,600105.SH,b10q020700
16091,2019-04-30,600106.SH,b10o010100
16098,2019-01-31,600107.SH,b10h040400
16103,2019-06-28,600107.SH,b10h040400
16121,2019-04-30,600109.SH,b10m010100
16129,2019-02-28,600110.SH,b10p020100
16141,2019-04-30,600111.SH,b103030100
16148,2019-01-31,600112.SH,b10b020200
16150,2019-03-29,600112.SH,b10b020200
16175,2019-09-30,600114.SH,b10a060100
16217,2019-03-29,600119.SH,b10o020200
16253,2019-10-31,600122.SH,b10e010300
16345,2019-03-29,600133.SH,b10n010100
16370,2019-08-30,600136.SH,b10s010200
16406,2019-04-30,600141.SH,b106030600
16440,2019-02-28,600148.SH,b10d030100
16441,2019-03-29,600148.SH,b10d030100
16469,2019-01-31,600151.SH,b10b030300
16482,2019-04-30,600152.SH,b10t010100
16487,2019-09-30,600152.SH,b10t010100
16504,2019-08-30,600155.SH,b10m010100
16520,2019-04-30,600157.SH,b102010300
16521,2019-05-31,600157.SH,b102010300
16570,2019-04-30,600162.SH,b10n010100
16579,2019-04-30,600163.SH,b10b030100
16589,2019-04-30,600165.SH,b10a060100
16590,2019-05-31,600165.SH,b10a060100
16591,2019-06-28,600165.SH,b10a060100
16652,2019-07-31,600171.SH,b10p010100
16653,2019-08-30,600171.SH,b10p010100
16659,2019-04-30,600172.SH,b108030200
16662,2019-07-31,600172.SH,b10a020300
16704,2019-01-31,600178.SH,b10d030100
16705,2019-02-28,600178.SH,b10d030100
16707,2019-04-30,600178.SH,b10d030100
16710,2019-07-31,600178.SH,b10d030100
16714,2019-01-31,600179.SH,b10o020200
16715,2019-02-28,600179.SH,b10o020200
16734,2019-02-28,600182.SH,b10d030100
16751,2019-10-31,600183.SH,b10p030100
16773,2019-02-28,600186.SH,b10j030200
16774,2019-03-29,600186.SH,b10j030200
16800,2019-02-28,600189.SH,b10k030100
16825,2019-07-31,600191.SH,b10k010300
16859,2019-01-31,600196.SH,b10i010200
16864,2019-06-28,600196.SH,b10i010200
16882,2019-08-30,600198.SH,b10q020600
16884,2019-10-31,600198.SH,b10q020600
16886,2019-02-28,600199.SH,b10j010100
16897,2019-04-30,600200.SH,b10t010100
16917,2019-04-30,600202.SH,b10b010100
16951,2019-08-30,600207.SH,b10t010100
16965,2019-04-30,600209.SH,b107020100
16992,2019-01-31,600212.SH,b10t010100
16993,2019-02-28,600212.SH,b10t010100
16995,2019-04-30,600212.SH,b10t010100
16998,2019-07-31,600212.SH,b10t010100
17000,2019-09-30,600212.SH,b10t010100
17001,2019-10-31,600212.SH,b10t010100
17003,2019-02-28,600213.SH,b10d020200
17025,2019-05-31,600216.SH,b10i010100
17038,2019-08-30,600217.SH,b104020100
17045,2019-06-28,600218.SH,b10d030100
17046,2019-07-31,600218.SH,b10d030100
17060,2019-01-31,600220.SH,b10h040200
17107,2019-09-30,600225.SH,b10n010100
17109,2019-01-31,600226.SH,b106010500
17114,2019-06-28,600226.SH,b106010500
17116,2019-08-30,600226.SH,b106010500
17121,2019-03-29,600227.SH,b106010100
17188,2019-02-28,600234.SH,b10t010100
17191,2019-07-31,600234.SH,b10t010100
17208,2019-04-30,600237.SH,b10p030100
17241,2019-02-28,600241.SH,b10e020100
17242,2019-03-29,600241.SH,b10e020100
17256,2019-07-31,600242.SH,b10s010500
17312,2019-06-28,600250.SH,b10e020100
17313,2019-07-31,600250.SH,b10e020100
17322,2019-06-28,600251.SH,b10k010300
17367,2019-02-28,600258.SH,b10f020100
17372,2019-07-31,600258.SH,b10f020100
17382,2019-07-31,600259.SH,b103030100
17390,2019-05-31,600260.SH,b10q020700
17393,2019-08-30,600260.SH,b10q020700
17420,2019-05-31,600265.SH,b10k030100
17422,2019-07-31,600265.SH,b10k030100
17430,2019-05-31,600266.SH,b10n010100
17496,2019-04-30,600275.SH,b10k040100
17501,2019-09-30,600275.SH,b10k040100
17548,2019-08-30,600280.SH,b10e010100
17554,2019-04-30,600281.SH,b106030200
17556,2019-06-28,600281.SH,b106030200
17557,2019-07-31,600281.SH,b106030200
17568,2019-08-30,600283.SH,b104020200
17576,2019-06-28,600284.SH,b107010100
17592,2019-02-28,600287.SH,b10e020100
17602,2019-03-29,600288.SH,b10p020100
17669,2019-02-28,600297.SH,b10d040100
17691,2019-04-30,600299.SH,b10j030400
17705,2019-08-30,600300.SH,b10j020400
17746,2019-01-31,600306.SH,b10e010100
17747,2019-02-28,600306.SH,b10e010100
17748,2019-03-29,600306.SH,b10e010100
17780,2019-05-31,600309.SH,b106030700
17787,2019-02-28,600310.SH,b104010400
17816,2019-01-31,600313.SH,b10k010300
17859,2019-07-31,600318.SH,b10m030200
17886,2019-04-30,600321.SH,b108020100
17903,2019-03-29,600323.SH,b104020100
17915,2019-05-31,600325.SH,b10n010100
17983,2019-05-31,600332.SH,b10i020200
17990,2019-02-28,600333.SH,b104020300
18139,2019-03-29,600354.SH,b10k010100
18166,2019-02-28,600358.SH,b10f010100
18176,2019-02-28,600359.SH,b10k010300
18223,2019-10-31,600363.SH,b10p030100
18225,2019-02-28,600365.SH,b10j020200
18293,2019-03-29,600372.SH,b10c010100
18327,2019-08-30,600376.SH,b10n010100
18342,2019-03-29,600378.SH,b101020500
18352,2019-03-29,600379.SH,b10b020200
18353,2019-04-30,600379.SH,b10b020200
18361,2019-02-28,600380.SH,b10i010200
18382,2019-03-29,600382.SH,b10t010100
18410,2019-02-28,600386.SH,b10s010500
18427,2019-10-31,600387.SH,b101020400
18441,2019-04-30,600389.SH,b106010500
18475,2019-08-30,600392.SH,b103030100
18486,2019-09-30,600393.SH,b10n010100
18507,2019-02-28,600397.SH,b102010100
18509,2019-04-30,600397.SH,b102010100
18515,2019-10-31,600397.SH,b102010100
18556,2019-02-28,600405.SH,b10q020100
18558,2019-04-30,600405.SH,b10q020100
18593,2019-02-28,600410.SH,b10r030200
18598,2019-07-31,600410.SH,b10r030200
18619,2019-08-30,600416.SH,b10b030100
18622,2019-01-31,600418.SH,b10d010100
18689,2019-04-30,600426.SH,b106010100
18694,2019-09-30,600426.SH,b106010100
18751,2019-07-31,600438.SH,b10b030300
18752,2019-08-30,600438.SH,b10b030300
18753,2019-09-30,600438.SH,b10b030300
18767,2019-03-29,600444.SH,b106040600
18781,2019-08-30,600446.SH,b10r020200
18782,2019-09-30,600446.SH,b10r020200
18783,2019-10-31,600446.SH,b10r020200
18822,2019-10-31,600455.SH,b10s010500
18836,2019-04-30,600458.SH,b10a040100
18841,2019-09-30,600458.SH,b10a040100
18858,2019-06-28,600460.SH,b10p010100
18862,2019-10-31,600460.SH,b10p010100
18873,2019-02-28,600462.SH,b10q020600
18882,2019-02-28,600463.SH,b10n010300
18885,2019-06-28,600463.SH,b10n010300
18886,2019-07-31,600463.SH,b10n010300
18888,2019-09-30,600463.SH,b10n010300
18911,2019-02-28,600468.SH,b10b020100
18912,2019-03-29,600468.SH,b10b020100
18929,2019-01-31,600470.SH,b106010300
18930,2019-02-28,600470.SH,b106010300
18931,2019-03-29,600470.SH,b106010300
18949,2019-02-28,600476.SH,b10r030200
18953,2019-06-28,600476.SH,b10r030200
18971,2019-05-31,600478.SH,b10p030100
18979,2019-03-29,600479.SH,b10i020200
19012,2019-06-28,600482.SH,b10c030100
19049,2019-05-31,600487.SH,b10q020700
19126,2019-02-28,600497.SH,b103020200
19136,2019-02-28,600498.SH,b10q020300
19187,2019-03-29,600503.SH,b10n010100
19192,2019-08-30,600503.SH,b10n010100
19205,2019-01-31,600506.SH,b10k010200
19208,2019-04-30,600506.SH,b10k010200
19219,2019-05-31,600507.SH,b105020100
19288,2019-04-30,600515.SH,b10n010300
19304,2019-01-31,600517.SH,b10b020200
19319,2019-10-31,600518.SH,b10i020100
19348,2019-09-30,600521.SH,b10i010100
19419,2019-02-28,600530.SH,b10i030100
19421,2019-04-30,600530.SH,b10i030100
19427,2019-10-31,600530.SH,b10i030100
19432,2019-05-31,600531.SH,b103020200
19442,2019-06-28,600532.SH,b105020200
19448,2019-02-28,600533.SH,b10n010100
19472,2019-06-28,600536.SH,b10r020100
19478,2019-02-28,600537.SH,b10b030300
19499,2019-03-29,600539.SH,b108010100
19510,2019-04-30,600540.SH,b10k010300
19555,2019-10-31,600547.SH,b103010100
19606,2019-01-31,600555.SH,b10n010100
19609,2019-04-30,600555.SH,b10n010100
19612,2019-07-31,600555.SH,b10n010100
19614,2019-09-30,600555.SH,b10n010100
19615,2019-10-31,600555.SH,b10n010100
19632,2019-02-28,600558.SH,b10a060100
19648,2019-08-30,600559.SH,b10j010100
19652,2019-02-28,600560.SH,b10a020100
19672,2019-02-28,600562.SH,b10c030100
19744,2019-05-31,600570.SH,b10r020200
19750,2019-01-31,600571.SH,b10r020200
19781,2019-02-28,600575.SH,b10o030200
19820,2019-01-31,600579.SH,b10d030100
19821,2019-02-28,600579.SH,b10d030100
19828,2019-09-30,600579.SH,b10a020300
19842,2019-04-30,600581.SH,b105010100
19911,2019-04-30,600588.SH,b10r020100
19912,2019-05-31,600588.SH,b10r020100
19917,2019-10-31,600588.SH,b10r020100
19919,2019-02-28,600589.SH,b106020600
19925,2019-09-30,600589.SH,b106020600
19929,2019-03-29,600590.SH,b107010100
19975,2019-02-28,600596.SH,b106010500
19981,2019-08-30,600596.SH,b106010500
20011,2019-09-30,600599.SH,b10m030200
20025,2019-03-29,600601.SH,b10r010100
20057,2019-08-30,600604.SH,b10n010300
20058,2019-09-30,600604.SH,b10n010300
20059,2019-10-31,600604.SH,b10n010300
20089,2019-01-31,600609.SH,b10d020200
20090,2019-02-28,600609.SH,b10d020200
20096,2019-08-30,600609.SH,b10d020200
20193,2019-05-31,600621.SH,b10n010100
20195,2019-07-31,600621.SH,b10m010100
20225,2019-07-31,600624.SH,b10t010100
20228,2019-10-31,600624.SH,b10t010100
20231,2019-03-29,600626.SH,b10h040400
20263,2019-06-28,600630.SH,b10h040400
20266,2019-09-30,600630.SH,b10h040400
20277,2019-10-31,600633.SH,b10s010100
20285,2019-01-31,600635.SH,b104020300
20287,2019-04-30,600635.SH,b104020300
20288,2019-05-31,600635.SH,b104020300
20289,2019-06-28,600635.SH,b104020300
20342,2019-10-31,600640.SH,b10s010400
20377,2019-06-28,600644.SH,b104010400
20388,2019-07-31,600645.SH,b10i030100
20401,2019-10-31,600647.SH,b10n010100
20440,2019-10-31,600651.SH,b10g040100
20455,2019-10-31,600653.SH,b10d040100
20457,2019-03-29,600654.SH,b10r030200
20525,2019-02-28,600663.SH,b10n010300
20638,2019-09-30,600677.SH,b10c010200
20651,2019-02-28,600679.SH,b109020300
20653,2019-04-30,600679.SH,b109020300
20658,2019-09-30,600679.SH,b109020300
20679,2019-10-31,600682.SH,b10e010100
20681,2019-02-28,600683.SH,b10n010100
20682,2019-03-29,600683.SH,b10n010100
20706,2019-07-31,600685.SH,b10c030100
20708,2019-10-31,600685.SH,b10c030100
20710,2019-02-28,600686.SH,b10d020200
20711,2019-03-29,600686.SH,b10d020200
20736,2019-01-31,600689.SH,b10h040100
20804,2019-09-30,600695.SH,b10m030200
20827,2019-06-28,600698.SH,b10d030100
20833,2019-03-29,600699.SH,b10d030100
20838,2019-08-30,600699.SH,b10d030100
20839,2019-09-30,600699.SH,b10d030100
20864,2019-06-28,600703.SH,b10p010100
20882,2019-04-30,600705.SH,b10m030200
20895,2019-07-31,600706.SH,b10f010100
20915,2019-07-31,600708.SH,b10n010100
20925,2019-07-31,600710.SH,b10e020100
20932,2019-04-30,600711.SH,b103020100
20934,2019-06-28,600711.SH,b103020100
20940,2019-02-28,600712.SH,b10e010100
20969,2019-01-31,600715.SH,b10s010300
20978,2019-10-31,600715.SH,b10s010300
20999,2019-02-28,600718.SH,b10r030100
21092,2019-01-31,600728.SH,b10r030200
21099,2019-08-30,600728.SH,b10r030200
21101,2019-10-31,600728.SH,b10r030200
21113,2019-02-28,600730.SH,b10t010100
21125,2019-04-30,600731.SH,b106010500
21132,2019-01-31,600732.SH,b10n010100
21142,2019-02-28,600733.SH,b10n010200
21158,2019-09-30,600734.SH,b10r010100
21159,2019-10-31,600734.SH,b10r010100
21175,2019-06-28,600736.SH,b10n010300
21185,2019-06-28,600737.SH,b10k010200
21189,2019-10-31,600737.SH,b10k010200
21202,2019-03-29,600739.SH,b10m010100
21213,2019-04-30,600740.SH,b102020100
21254,2019-05-31,600744.SH,b104010100
21256,2019-08-30,600744.SH,b104010100
21329,2019-03-29,600753.SH,b108030200
21336,2019-10-31,600753.SH,b10e020100
21337,2019-01-31,600754.SH,b10f020100
21357,2019-01-31,600756.SH,b10r020100
21358,2019-02-28,600756.SH,b10r020100
21366,2019-10-31,600756.SH,b10r020100
21385,2019-10-31,600758.SH,b102020200
21396,2019-01-31,600760.SH,b10c030100
21431,2019-06-28,600764.SH,b10q020600
21462,2019-08-30,600767.SH,b10i040300
21466,2019-03-29,600768.SH,b103020500
21476,2019-03-29,600769.SH,b104020200
21479,2019-06-28,600769.SH,b104020200
21499,2019-06-28,600771.SH,b10i010200
21507,2019-04-30,600773.SH,b10n010100
21528,2019-06-28,600775.SH,b10q020600
21531,2019-09-30,600775.SH,b10q020600
21539,2019-07-31,600776.SH,b10q020200
21540,2019-08-30,600776.SH,b10q020200
21542,2019-10-31,600776.SH,b10q020200
21546,2019-04-30,600777.SH,b101010100
21604,2019-04-30,600783.SH,b108030100
21644,2019-04-30,600789.SH,b10i010200
21682,2019-02-28,600793.SH,b109010100
21693,2019-03-29,600794.SH,b10o020200
21713,2019-04-30,600796.SH,b106010500
21724,2019-05-31,600797.SH,b10q020300
21733,2019-04-30,600798.SH,b10o030100
21748,2019-09-30,600800.SH,b10r010200
21749,2019-10-31,600800.SH,b10r010200
21754,2019-05-31,600801.SH,b108010100
21763,2019-04-30,600802.SH,b108010100
21792,2019-04-30,600805.SH,b10t010100
21794,2019-06-28,600805.SH,b10t010100
21830,2019-05-31,600810.SH,b106020500
21838,2019-03-29,600811.SH,b10e020100
21871,2019-01-31,600816.SH,b10m030100
21874,2019-05-31,600816.SH,b10m030100
21883,2019-04-30,600817.SH,b10n010200
21920,2019-01-31,600821.SH,b10e010100
22024,2019-06-28,600831.SH,b10s010200
22071,2019-04-30,600837.SH,b10m010100
22076,2019-09-30,600837.SH,b10m010100
22088,2019-01-31,600841.SH,b10d030100
22099,2019-02-28,600843.SH,b10a020200
22100,2019-03-29,600843.SH,b10a020200
22138,2019-01-31,600847.SH,b10b020100
22170,2019-03-29,600851.SH,b10i010200
22208,2019-01-31,600856.SH,b101020400
22209,2019-02-28,600856.SH,b101020400
22248,2019-02-28,600860.SH,b10a020300
22279,2019-04-30,600863.SH,b104010100
22312,2019-08-30,600866.SH,b10j030200
22315,2019-01-31,600867.SH,b10i030100
22318,2019-04-30,600867.SH,b10i030100
22319,2019-05-31,600867.SH,b10i030100
22320,2019-06-28,600867.SH,b10i030100
22321,2019-07-31,600867.SH,b10i030100
22327,2019-03-29,600868.SH,b104010200
22329,2019-05-31,600868.SH,b104010200
22343,2019-09-30,600869.SH,b10b020100
22405,2019-02-28,600876.SH,b108020100
22406,2019-03-29,600876.SH,b108020100
22434,2019-03-29,600880.SH,b10s010100
22443,2019-02-28,600881.SH,b10t010100
22468,2019-07-31,600883.SH,b108010100
22533,2019-02-28,600890.SH,b10n010100
22535,2019-04-30,600890.SH,b10n010100
22558,2019-09-30,600892.SH,b10s010300
22585,2019-07-31,600895.SH,b10n010300
22595,2019-07-31,600896.SH,b10i040300
22597,2019-09-30,600896.SH,b10i040300
22598,2019-10-31,600896.SH,b10i040300
22614,2019-06-28,600898.SH,b10e010300
22615,2019-07-31,600898.SH,b10q020300
22640,2019-02-28,600960.SH,b10d030100
22661,2019-03-29,600962.SH,b10k010200
22662,2019-04-30,600962.SH,b10k010200
22664,2019-06-28,600962.SH,b10k010200
22768,2019-02-28,600978.SH,b10k030100
22770,2019-04-30,600978.SH,b10k030100
22845,2019-09-30,600986.SH,b10s010500
22858,2019-02-28,600988.SH,b103010100
22867,2019-01-31,600990.SH,b10c020100
22870,2019-04-30,600990.SH,b10c020100
22873,2019-07-31,600990.SH,b10c020100
22877,2019-01-31,600992.SH,b10a060100
22970,2019-04-30,601003.SH,b105010200
23064,2019-08-30,601015.SH,b102020100
23088,2019-03-29,601028.SH,b105010100
23091,2019-06-28,601028.SH,b105010100
23094,2019-09-30,601028.SH,b105010100
23097,2019-02-28,601038.SH,b10a020300
23186,2019-01-31,601111.SH,b10o040100
23196,2019-01-31,601113.SH,b101020500
23199,2019-04-30,601113.SH,b101020500
23296,2019-02-28,601169.SH,b10l020200
23417,2019-05-31,601233.SH,b101020500
23418,2019-06-28,601233.SH,b101020500
23420,2019-08-30,601233.SH,b101020500
23438,2019-07-31,601258.SH,b10d040100
23473,2019-02-28,601328.SH,b10l010100
23494,2019-03-29,601336.SH,b10m020100
23511,2019-10-31,601339.SH,b10h040100
23512,2019-01-31,601360.SH,b10r020100
23513,2019-02-28,601360.SH,b10r020100
23514,2019-03-29,601360.SH,b10r020100
23516,2019-05-31,601360.SH,b10r020100
23517,2019-06-28,601360.SH,b10r020100
23519,2019-08-30,601360.SH,b10s010400
23520,2019-09-30,601360.SH,b10s010400
23521,2019-10-31,601360.SH,b10s010400
23563,2019-02-28,601398.SH,b10l010100
23592,2019-01-31,601555.SH,b10m010100
23613,2019-03-29,601567.SH,b10b020200
23622,2019-02-28,601579.SH,b10j020300
23636,2019-06-28,601588.SH,b10n010100
23655,2019-05-31,601600.SH,b103020500
23691,2019-01-31,601616.SH,b10b020100
23703,2019-03-29,601618.SH,b107010100
23712,2019-02-28,601628.SH,b10m020100
23783,2019-04-30,601678.SH,b106030200
23786,2019-07-31,601678.SH,b106030200
23794,2019-05-31,601688.SH,b10m010100
23799,2019-10-31,601688.SH,b10m010100
23831,2019-02-28,601718.SH,b10h040400
23911,2019-04-30,601800.SH,b107010100
23961,2019-04-30,601866.SH,b10o030100
23985,2019-08-30,601877.SH,b10b020100
24039,2019-02-28,601899.SH,b103010100
24048,2019-01-31,601901.SH,b10m010100
24058,2019-01-31,601908.SH,b10b030300
24062,2019-05-31,601908.SH,b10b030300
24099,2019-03-29,601929.SH,b10s010200
24147,2019-01-31,601969.SH,b105020200
24158,2019-02-28,601988.SH,b10l010100
24170,2019-04-30,601989.SH,b10c030100
24208,2019-02-28,601998.SH,b10l020100
24231,2019-05-31,603000.SH,b10s010400
24235,2019-09-30,603000.SH,b10s010400
24268,2019-02-28,603005.SH,b10p030100
24299,2019-03-29,603009.SH,b10d030100
24309,2019-03-29,603010.SH,b106040700
24318,2019-02-28,603011.SH,b10a030500
24319,2019-03-29,603011.SH,b10a030500
24325,2019-09-30,603011.SH,b10a030500
24347,2019-01-31,603019.SH,b10r010100
24348,2019-02-28,603019.SH,b10r010100
24350,2019-04-30,603019.SH,b10r010100
24351,2019-05-31,603019.SH,b10r010100
24352,2019-06-28,603019.SH,b10r010100
24353,2019-07-31,603019.SH,b10r010100
24354,2019-08-30,603019.SH,b10r010100
24385,2019-10-31,603099.SH,b10f010100
24457,2019-02-28,603168.SH,b10i010200
24458,2019-03-29,603168.SH,b10i010200
24475,2019-02-28,603188.SH,b106040400
24505,2019-02-28,603308.SH,b10a020300
24506,2019-03-29,603308.SH,b10a020300
24542,2019-10-31,603366.SH,b10g010100
24639,2019-08-30,603636.SH,b10r020200
24640,2019-09-30,603636.SH,b10r020200
24650,2019-09-30,603688.SH,b10p030100
24693,2019-02-28,603988.SH,b10b010100
24694,2019-03-29,603988.SH,b10b010100
24702,2019-02-28,603993.SH,b103030100
24708,2019-08-30,603993.SH,b103030100
24718,2019-08-30,603998.SH,b10i010200
24719,2019-09-30,603998.SH,b10i010200
24728,2019-08-30,000040.SZ,b104020100
24730,2019-10-31,000040.SZ,b104020100
24741,2019-02-28,000732.SZ,b10n010100
24758,2019-09-30,000918.SZ,b10n010100
24768,2019-09-30,002063.SZ,b10r020200
24794,2019-07-31,002306.SZ,b10f020200
24809,2019-02-28,002738.SZ,b103030100
24825,2019-08-30,002739.SZ,b10s010300
24826,2019-09-30,002739.SZ,b10s010300
24829,2019-02-28,002740.SZ,b10h050100
24837,2019-01-31,300178.SZ,b10f010200
24843,2019-07-31,300178.SZ,b10f010200
24844,2019-08-30,300178.SZ,b10f010200
24846,2019-10-31,300178.SZ,b10f010200
24854,2019-08-30,300325.SZ,b106030200
24856,2019-10-31,300325.SZ,b106030200
24865,2019-09-30,300350.SZ,b10o020200
24880,2019-04-30,300369.SZ,b10r020100
24888,2019-02-28,300399.SZ,b10r020200
24895,2019-09-30,300399.SZ,b10r020200
24896,2019-10-31,300399.SZ,b10r020200
24908,2019-02-28,300415.SZ,b10a020300
24920,2019-04-30,300416.SZ,b10a050100
24942,2019-07-31,300418.SZ,b10s010400
24946,2019-02-28,300419.SZ,b10r030200
24953,2019-09-30,300419.SZ,b10r030200
24977,2019-03-29,600282.SH,b105010200
25063,2019-03-29,603600.SH,b109020300
25101,2019-01-31,603686.SH,b104020100
25102,2019-02-28,603686.SH,b104020100
25103,2019-03-29,603686.SH,b104020100
25121,2019-01-31,603788.SH,b10d030100
25157,2019-07-31,002741.SZ,b106040700
25159,2019-09-30,002741.SZ,b106040700
25162,2019-02-28,002742.SZ,b108030200
25163,2019-03-29,002742.SZ,b108030200
25182,2019-02-28,002745.SZ,b10p030100
25198,2019-08-30,002746.SZ,b10k020300
25204,2019-04-30,002748.SZ,b106030200
25221,2019-01-31,300364.SZ,b10s010100
25224,2019-04-30,300364.SZ,b10s010100
25232,2019-02-28,300374.SZ,b108030200
25269,2019-02-28,300422.SZ,b104020100
25299,2019-02-28,300426.SZ,b10s010200
25301,2019-04-30,300426.SZ,b10s010200
25305,2019-08-30,300426.SZ,b10s010200
25306,2019-09-30,300426.SZ,b10s010200
25307,2019-10-31,300426.SZ,b10s010200
25318,2019-01-31,300428.SZ,b103020500
25320,2019-03-29,300428.SZ,b103020500
25341,2019-04-30,601198.SH,b10m010100
25375,2019-09-30,603015.SH,b10a030400
25381,2019-05-31,603020.SH,b10j030200
25392,2019-06-28,603118.SH,b10q020300
25399,2019-03-29,603158.SH,b10d030100
25457,2019-01-31,603618.SH,b10b020200
25467,2019-01-31,603799.SH,b103020300
25471,2019-05-31,603799.SH,b103020300
25472,2019-06-28,603799.SH,b103020300
25488,2019-02-28,603898.SH,b109020300
25523,2019-08-30,603997.SH,b10d030100
25533,2019-08-30,000504.SZ,b10t010100
25537,2019-02-28,002747.SZ,b10a030200
25538,2019-03-29,002747.SZ,b10a030200
25544,2019-09-30,002747.SZ,b10a030200
25548,2019-04-30,002750.SZ,b10i020200
25562,2019-09-30,300429.SZ,b106040700
25565,2019-02-28,300430.SZ,b10a020300
25566,2019-03-29,300430.SZ,b10a020300
25582,2019-10-31,300432.SZ,b10d030100
25583,2019-01-31,300433.SZ,b10p030100
25584,2019-02-28,300433.SZ,b10p030100
25586,2019-04-30,300433.SZ,b10p030100
25587,2019-05-31,300433.SZ,b10p030100
25588,2019-06-28,300433.SZ,b10p030100
25594,2019-02-28,300435.SZ,b10a020300
25595,2019-03-29,300435.SZ,b10a020300
25627,2019-06-28,603729.SH,b10s010500
25655,2019-06-28,300436.SZ,b10i010100
25668,2019-09-30,300438.SZ,b10p030100
25685,2019-06-28,300440.SZ,b10r020200
25703,2019-04-30,300442.SZ,b10a020300
25720,2019-01-31,300444.SZ,b10b010100
25733,2019-04-30,603021.SH,b109020200
25758,2019-09-30,603315.SH,b10a030400
25849,2019-10-31,002757.SZ,b10a030500
25856,2019-07-31,002758.SZ,b10i040100
25858,2019-09-30,002758.SZ,b10i040100
25859,2019-10-31,002758.SZ,b10i040100
25897,2019-10-31,002765.SZ,b10d030100
25900,2019-03-29,002767.SZ,b10a030500
25917,2019-01-31,300414.SZ,b10q020500
25924,2019-09-30,300414.SZ,b10q020500
25925,2019-10-31,300414.SZ,b10q020500
25933,2019-09-30,300424.SZ,b10c010100
25936,2019-02-28,300434.SZ,b10a030500
25945,2019-01-31,300437.SZ,b106040700
25976,2019-03-29,300447.SZ,b10c030100
25990,2019-07-31,300448.SZ,b10r020200
25992,2019-09-30,300448.SZ,b10r020200
25997,2019-04-30,300449.SZ,b10r010200
26010,2019-07-31,300451.SZ,b10r020200
26030,2019-07-31,300453.SZ,b10i040200
26035,2019-02-28,300455.SZ,b10r010200
26053,2019-10-31,300456.SZ,b10c030100
26070,2019-07-31,300458.SZ,b10r010200
26088,2019-06-28,300462.SZ,b10p020100
26094,2019-02-28,300463.SZ,b10i010200
26097,2019-05-31,300463.SZ,b10i010200
26116,2019-04-30,300466.SZ,b10a020100
26119,2019-07-31,300466.SZ,b10a020100
26133,2019-02-28,300468.SZ,b10r030100
26147,2019-07-31,300471.SZ,b10a020300
26149,2019-09-30,300471.SZ,b10a020300
26161,2019-01-31,300473.SZ,b10d030100
26176,2019-07-31,300475.SZ,b10g010100
26181,2019-02-28,300477.SZ,b10b020200
26187,2019-08-30,300477.SZ,b10b020200
26212,2019-03-29,601985.SH,b104010300
26230,2019-02-28,603023.SH,b10d030100
26238,2019-10-31,603023.SH,b10d030100
26260,2019-02-28,603108.SH,b10i040300
26275,2019-07-31,603227.SH,b106040200
26280,2019-02-28,603300.SH,b107010100
26290,2019-03-29,603311.SH,b10g010100
26309,2019-02-28,603566.SH,b10k020200
26319,2019-02-28,603598.SH,b10s010500
26321,2019-04-30,603598.SH,b10s010500
26323,2019-06-28,603598.SH,b10s010500
26327,2019-10-31,603598.SH,b10s010500
26357,2019-10-31,603718.SH,b10i030100
26359,2019-02-28,603818.SH,b109020300
26389,2019-02-28,603918.SH,b10r030200
26396,2019-09-30,603918.SH,b10r030200
26444,2019-10-31,002769.SZ,b10o020200
26446,2019-02-28,002771.SZ,b10r010200
26447,2019-03-29,002771.SZ,b10r010200
26453,2019-09-30,002771.SZ,b10r010200
26476,2019-04-30,300450.SZ,b10a030500
26483,2019-01-31,300459.SZ,b10s010400
26497,2019-06-28,300465.SZ,b10r030100
26498,2019-07-31,300465.SZ,b10r030100
26500,2019-09-30,300465.SZ,b10r030100
26504,2019-04-30,300469.SZ,b10r020200
26522,2019-03-29,300476.SZ,b10p030100
26532,2019-03-29,300478.SZ,b106040700
26533,2019-04-30,300478.SZ,b106040700
26537,2019-08-30,300478.SZ,b106040700
26543,2019-04-30,300479.SZ,b10r010200
26549,2019-10-31,300479.SZ,b10r010200
26580,2019-01-31,300487.SZ,b106020600
26602,2019-03-29,300489.SZ,b10a020300
26611,2019-02-28,601211.SH,b10m010100
26663,2019-04-30,000520.SZ,b10o030100
26679,2019-01-31,300481.SZ,b106040700
26699,2019-01-31,603085.SH,b10a020300
26712,2019-04-30,603117.SH,b10o020200
26772,2019-07-31,002768.SZ,b106040700
26777,2019-02-28,002770.SZ,b10j030300
26780,2019-05-31,002770.SZ,b10j030300
26781,2019-06-28,002770.SZ,b10j030300
26789,2019-05-31,002772.SZ,b10k010200
26812,2019-08-30,300460.SZ,b10p010100
26817,2019-03-29,300480.SZ,b10a020300
26822,2019-10-31,300480.SZ,b10a020300
26843,2019-01-31,603616.SH,b108030200
26844,2019-02-28,603616.SH,b108030200
26878,2019-06-28,002779.SZ,b10a020300
26881,2019-09-30,002779.SZ,b10a020300
26883,2019-01-31,601155.SH,b10n010100
26889,2019-07-31,601155.SH,b10n010100
26894,2019-02-28,603696.SH,b10j030200
26895,2019-03-29,603696.SH,b10j030200
26904,2019-02-28,603936.SH,b10p020100
26943,2019-01-31,002781.SZ,b107020100
26961,2019-09-30,002783.SZ,b106040200
26968,2019-07-31,002785.SZ,b108030200
26978,2019-07-31,002786.SZ,b10a030500
26979,2019-08-30,002786.SZ,b10a030500
26980,2019-10-31,002786.SZ,b10a030500
26982,2019-02-28,002787.SZ,b10a060100
26997,2019-07-31,300490.SZ,b10b010100
26999,2019-09-30,300490.SZ,b10b010100
27000,2019-10-31,300490.SZ,b10b010100
27016,2019-06-28,300493.SZ,b10p020100
27017,2019-07-31,300493.SZ,b10p020100
27019,2019-09-30,300493.SZ,b10p020100
27021,2019-01-31,300494.SZ,b10r020200
27022,2019-02-28,300494.SZ,b10r020200
27023,2019-03-29,300494.SZ,b10r020200
27024,2019-04-30,300494.SZ,b10r020200
27026,2019-06-28,300494.SZ,b10r020200
27031,2019-01-31,300496.SZ,b10r020200
27032,2019-02-28,300496.SZ,b10r020200
27033,2019-03-29,300496.SZ,b10r020200
27034,2019-04-30,300496.SZ,b10r020200
27035,2019-05-31,300496.SZ,b10r020200
27037,2019-07-31,300496.SZ,b10r020200
27038,2019-08-30,300496.SZ,b10r020200
27042,2019-02-28,603398.SH,b109020300
27060,2019-02-28,603778.SH,b10n010300
27062,2019-04-30,603778.SH,b10n010300
27103,2019-08-30,603999.SH,b10s010100
27104,2019-09-30,603999.SH,b10s010100
27105,2019-10-31,603999.SH,b10s010100
27126,2019-01-31,002782.SZ,b10p020100
27127,2019-02-28,002782.SZ,b10p020100
27132,2019-07-31,002782.SZ,b10p020100
27147,2019-02-28,002789.SZ,b107020100
27169,2019-04-30,300491.SZ,b10p020100
27193,2019-08-30,300499.SZ,b10a020300
27216,2019-01-31,300503.SZ,b10a030500
27217,2019-02-28,300503.SZ,b10a030500
27224,2019-09-30,300503.SZ,b10a030500
27237,2019-02-28,601020.SH,b103020200
27272,2019-07-31,603377.SH,b10t010200
27295,2019-10-31,603608.SH,b10h050200
27297,2019-02-28,603919.SH,b10j010100
27327,2019-02-28,300474.SZ,b10c010200
27373,2019-08-30,300506.SZ,b107020100
27406,2019-02-28,002793.SZ,b10a020300
27432,2019-09-30,002796.SZ,b10a060100
27460,2019-08-30,300509.SZ,b10a020300
27468,2019-06-28,300510.SZ,b10b010100
27476,2019-05-31,300511.SZ,b10k010200
27501,2019-10-31,603101.SH,b10e010100
27508,2019-09-30,603701.SH,b10d030100
27543,2019-04-30,002797.SZ,b10m010100
27544,2019-05-31,002797.SZ,b10m010100
27549,2019-10-31,002797.SZ,b10m010100
27569,2019-10-31,300516.SZ,b10p020100
27571,2019-02-28,601611.SH,b107010100
27572,2019-03-29,601611.SH,b107010100
27581,2019-02-28,603339.SH,b10a020300
27598,2019-10-31,603779.SH,b10j020200
27606,2019-08-30,603959.SH,b107020100
27639,2019-02-28,002802.SZ,b106030800
27682,2019-06-28,300518.SZ,b10s010400
27688,2019-02-28,300519.SZ,b10i010100
27692,2019-06-28,300519.SZ,b10i010100
27709,2019-03-29,300522.SZ,b106040400
27737,2019-01-31,603016.SH,b10b020100
27752,2019-06-28,603131.SH,b10a010100
27753,2019-07-31,603131.SH,b10a010100
27756,2019-10-31,603131.SH,b10a010100
27758,2019-02-28,603528.SH,b10r020200
27765,2019-09-30,603528.SH,b10r020200
27778,2019-02-28,603909.SH,b107020100
27784,2019-08-30,603909.SH,b107020100
27819,2019-04-30,002806.SZ,b103020500
27827,2019-03-29,300517.SZ,b107010100
27839,2019-06-28,300523.SZ,b10r030200
27869,2019-09-30,300527.SZ,b10c030100
27882,2019-02-28,600919.SH,b10l020200
27893,2019-03-29,600936.SH,b10s010200
27920,2019-10-31,601811.SH,b10s010100
27922,2019-02-28,601997.SH,b10l020200
27924,2019-04-30,601997.SH,b10l020200
27952,2019-03-29,603569.SH,b10d010100
27970,2019-02-28,002807.SZ,b10l020200
27990,2019-02-28,002809.SZ,b106040700
27995,2019-08-30,002809.SZ,b106040700
28008,2019-01-31,002811.SZ,b107020100
28028,2019-01-31,300520.SZ,b10r030200
28029,2019-02-28,300520.SZ,b10r030200
28037,2019-10-31,300520.SZ,b10r030200
28038,2019-01-31,300528.SZ,b10s010300
28041,2019-04-30,300528.SZ,b10s010300
28047,2019-10-31,300528.SZ,b10s010300
28056,2019-09-30,300530.SZ,b106040300
28063,2019-06-28,300531.SZ,b10q020300
28068,2019-01-31,300532.SZ,b10r030200
28088,2019-01-31,300535.SZ,b106040700
28089,2019-02-28,300535.SZ,b106040700
28090,2019-03-29,300535.SZ,b106040700
28099,2019-02-28,300537.SZ,b106040400
28101,2019-04-30,300537.SZ,b106040400
28102,2019-05-31,300537.SZ,b106040400
28117,2019-01-31,300539.SZ,b106040500
28126,2019-10-31,300539.SZ,b109020300
28136,2019-10-31,300540.SZ,b10a020300
28138,2019-02-28,300543.SZ,b10p020100
28168,2019-02-28,601595.SH,b10s010300
28177,2019-02-28,603007.SH,b107020100
28204,2019-09-30,603090.SH,b10a030500
28205,2019-10-31,603090.SH,b10a030500
28259,2019-04-30,603986.SH,b10p010100
28267,2019-02-28,002815.SZ,b10p030100
28277,2019-02-28,300534.SZ,b10i020200
28278,2019-03-29,300534.SZ,b10i020200
28282,2019-07-31,300534.SZ,b10i020200
28294,2019-09-30,300536.SZ,b107010100
28297,2019-02-28,300541.SZ,b10r030200
28301,2019-06-28,300541.SZ,b10r030200
28303,2019-08-30,300541.SZ,b10r030200
28304,2019-09-30,300541.SZ,b10r030200
28307,2019-02-28,300542.SZ,b10r020200
28321,2019-06-28,300545.SZ,b10p020100
28357,2019-02-28,600908.SH,b10l020200
28368,2019-03-29,603067.SH,b106030300
28384,2019-09-30,603189.SH,b10r020200
28433,2019-09-30,002813.SZ,b10q020300
28443,2019-09-30,002816.SZ,b10a020300
28484,2019-10-31,300550.SZ,b10r020200
28508,2019-06-28,300553.SZ,b10a050100
28516,2019-04-30,300555.SZ,b10q020600
28518,2019-07-31,300555.SZ,b10q020600
28532,2019-01-31,300558.SZ,b10i010200
28551,2019-01-31,300560.SZ,b10q020400
28552,2019-02-28,300560.SZ,b10q020400
28554,2019-04-30,300560.SZ,b10q020400
28559,2019-09-30,300560.SZ,b10q020400
28560,2019-10-31,300560.SZ,b10q020400
28562,2019-02-28,600926.SH,b10l020200
28563,2019-03-29,600926.SH,b10l020200
28564,2019-04-30,600926.SH,b10l020200
28579,2019-09-30,601128.SH,b10l020200
28580,2019-10-31,601128.SH,b10l020200
28631,2019-02-28,603556.SH,b10a050100
28632,2019-03-29,603556.SH,b10a050100
28637,2019-08-30,603556.SH,b10a050100
28641,2019-02-28,603667.SH,b10a030400
28653,2019-04-30,603716.SH,b10i040100
28658,2019-09-30,603716.SH,b10i040100
28659,2019-10-31,603716.SH,b10i040100
28660,2019-01-31,603777.SH,b10j030400
28661,2019-02-28,603777.SH,b10j030400
28706,2019-09-30,603888.SH,b10s010400
28707,2019-10-31,603888.SH,b10s010400
28709,2019-02-28,002819.SZ,b10a050100
28753,2019-06-28,002823.SZ,b10a020300
28769,2019-02-28,002826.SZ,b10i020200
28770,2019-03-29,002826.SZ,b10i020200
28775,2019-08-30,002826.SZ,b10i020200
28783,2019-06-28,002827.SZ,b106040200
28784,2019-07-31,002827.SZ,b106040200
28797,2019-01-31,002829.SZ,b10r010200
28798,2019-02-28,002829.SZ,b10r010200
28806,2019-10-31,002829.SZ,b10c030100
28812,2019-07-31,002830.SZ,b107020100
28831,2019-06-28,300556.SZ,b10r020200
28846,2019-02-28,300562.SZ,b10i040200
28847,2019-03-29,300562.SZ,b10i040200
28856,2019-02-28,300563.SZ,b10q020700
28860,2019-06-28,300563.SZ,b10q020700
28864,2019-10-31,300563.SZ,b10q020700
28873,2019-10-31,300565.SZ,b10q020500
28875,2019-02-28,300566.SZ,b10p020100
28879,2019-06-28,300566.SZ,b10p020100
28891,2019-08-30,300567.SZ,b10a050100
28893,2019-10-31,300567.SZ,b10a050100
28905,2019-02-28,300569.SZ,b104010300
28907,2019-04-30,300569.SZ,b104010300
28954,2019-02-28,601882.SH,b10a030200
28955,2019-03-29,601882.SH,b10a030200
28960,2019-08-30,601882.SH,b10a030200
28973,2019-01-31,603036.SH,b10a020300
28975,2019-03-29,603036.SH,b10a020300
29004,2019-02-28,603323.SH,b10l020200
29030,2019-08-30,603389.SH,b109020300
29034,2019-02-28,603559.SH,b10q020500
29038,2019-06-28,603559.SH,b10q020500
29039,2019-07-31,603559.SH,b10q020500
29054,2019-02-28,603633.SH,b10p030100
29060,2019-08-30,603633.SH,b10p030100
29070,2019-08-30,603660.SH,b10r010200
29097,2019-06-28,603819.SH,b10a030400
29113,2019-02-28,603900.SH,b10e010300
29123,2019-02-28,603928.SH,b106020600
29124,2019-03-29,603928.SH,b106020600
29134,2019-03-29,603977.SH,b106040200
29135,2019-04-30,603977.SH,b106040200
29153,2019-02-28,603990.SH,b10r020200
29154,2019-03-29,603990.SH,b10r020200
29159,2019-08-30,603990.SH,b10r020200
29160,2019-09-30,603990.SH,b10r020200
29170,2019-09-30,002832.SZ,b10h050400
29183,2019-02-28,002835.SZ,b10r010200
29192,2019-02-28,002836.SZ,b109020200
29236,2019-07-31,300571.SZ,b10q030100
29255,2019-07-31,300576.SZ,b106040400
29270,2019-02-28,300579.SZ,b10r020200
29274,2019-06-28,300579.SZ,b10r020200
29280,2019-02-28,300580.SZ,b10d030100
29319,2019-02-28,300585.SZ,b10d030100
29320,2019-03-29,300585.SZ,b10d030100
29332,2019-08-30,300586.SZ,b106040600
29360,2019-06-28,601375.SH,b10m010100
29375,2019-01-31,601881.SH,b10m010100
29378,2019-05-31,601881.SH,b10m010100
29391,2019-09-30,603032.SH,b10o020100
29392,2019-10-31,603032.SH,b10o020100
29400,2019-08-30,603035.SH,b10d030100
29413,2019-01-31,603058.SH,b109020200
29455,2019-03-29,603239.SH,b10d030100
29513,2019-02-28,603577.SH,b10b010100
29523,2019-02-28,603579.SH,b10g010100
29532,2019-01-31,603628.SH,b10b030300
29533,2019-02-28,603628.SH,b10b030300
29592,2019-02-28,603929.SH,b107020100
29599,2019-09-30,603929.SH,b107020100
29602,2019-02-28,002824.SZ,b103020500
29611,2019-02-28,002839.SZ,b10l020200
29619,2019-10-31,002839.SZ,b10l020200
29636,2019-07-31,002845.SZ,b10p020100
29650,2019-01-31,300578.SZ,b10q030100
29659,2019-10-31,300578.SZ,b10q030100
29677,2019-08-30,300588.SZ,b10r020200
29689,2019-10-31,300589.SZ,b10a040200
29698,2019-09-30,300590.SZ,b10q020300
29699,2019-10-31,300590.SZ,b10q020300
29751,2019-04-30,300597.SZ,b10q020400
29754,2019-07-31,300597.SZ,b10q020400
29758,2019-01-31,300598.SZ,b10r030100
29779,2019-02-28,300600.SZ,b10a040200
29781,2019-04-30,300600.SZ,b10a040200
29783,2019-06-28,300600.SZ,b10a040200
29786,2019-09-30,300600.SZ,b10a040200
29787,2019-10-31,300600.SZ,b10a040200
29789,2019-02-28,300602.SZ,b10p020100
29790,2019-03-29,300602.SZ,b10p020100
29793,2019-06-28,300602.SZ,b10p020100
29798,2019-02-28,300605.SZ,b10r020200
29801,2019-05-31,300605.SZ,b10r020200
29802,2019-06-28,300605.SZ,b10r020200
29808,2019-02-28,300607.SZ,b10a030500
29836,2019-10-31,603039.SH,b10r020200
29935,2019-09-30,603626.SH,b10a060100
29960,2019-05-31,603668.SH,b10k020100
29965,2019-10-31,603668.SH,b10k020100
29976,2019-01-31,603690.SH,b10a020300
29981,2019-06-28,603690.SH,b10a020300
29982,2019-07-31,603690.SH,b10a020300
29988,2019-03-29,603839.SH,b10h050200
29997,2019-02-28,603966.SH,b10a030300
30026,2019-02-28,002847.SZ,b10j030400
30038,2019-04-30,002848.SZ,b10q020300
30043,2019-10-31,002848.SZ,b10q020300
30054,2019-01-31,002850.SZ,b10a060100
30072,2019-09-30,002851.SZ,b10b020100
30084,2019-01-31,002853.SZ,b109020300
30092,2019-09-30,002853.SZ,b109020300
30093,2019-10-31,002853.SZ,b109020300
30094,2019-01-31,300601.SZ,b10i030100
30099,2019-06-28,300601.SZ,b10i030100
30123,2019-10-31,300606.SZ,b10a030500
30124,2019-02-28,300608.SZ,b10r020200
30132,2019-10-31,300608.SZ,b10r020200
30171,2019-09-30,300612.SZ,b10s010500
30223,2019-01-31,300619.SZ,b10a020300
30224,2019-02-28,300619.SZ,b10a020300
30236,2019-04-30,600939.SH,b107010100
30239,2019-07-31,600939.SH,b107010100
30253,2019-01-31,603138.SH,b10r030200
30254,2019-02-28,603138.SH,b10r030200
30258,2019-06-28,603138.SH,b10r030200
30264,2019-02-28,603177.SH,b104020100
30279,2019-07-31,603179.SH,b10d030100
30330,2019-08-30,603603.SH,b104020200
30365,2019-03-29,603817.SH,b104020100
30374,2019-02-28,603903.SH,b104020200
30384,2019-03-29,603908.SH,b10h050400
30393,2019-02-28,603955.SH,b107010100
30394,2019-03-29,603955.SH,b107010100
30466,2019-06-28,002861.SZ,b10p030100
30469,2019-09-30,002861.SZ,b10p030100
30487,2019-07-31,300620.SZ,b10q020300
30498,2019-09-30,300621.SZ,b107020100
30505,2019-06-28,300622.SZ,b10i040200
30512,2019-03-29,300623.SZ,b10p010100
30517,2019-08-30,300623.SZ,b10p010100
30519,2019-10-31,300623.SZ,b10p010100
30532,2019-03-29,300626.SZ,b10b010100
30541,2019-02-28,300627.SZ,b10q020600
30542,2019-03-29,300627.SZ,b10q020600
30560,2019-01-31,300629.SZ,b10a030400
30609,2019-01-31,300635.SZ,b10t010100
30612,2019-04-30,300635.SZ,b10t010100
30621,2019-03-29,300636.SZ,b10i010100
30650,2019-02-28,300641.SZ,b106040700
30670,2019-02-28,601228.SH,b10o030200
30671,2019-03-29,601228.SH,b10o030200
30716,2019-09-30,603133.SH,b106040700
30720,2019-03-29,603178.SH,b10d030100
30799,2019-02-28,603717.SH,b107020100
30808,2019-01-31,603768.SH,b10d030100
30810,2019-03-29,603768.SH,b10d030100
30823,2019-06-28,603833.SH,b109020300
30829,2019-02-28,603881.SH,b10r030200
30837,2019-10-31,603881.SH,b10r030200
30845,2019-08-30,603906.SH,b106040700
30871,2019-04-30,002858.SZ,b10s010500
30884,2019-07-31,002863.SZ,b10d030100
30889,2019-02-28,002865.SZ,b10d030100
30898,2019-02-28,002866.SZ,b10r010100
30899,2019-03-29,002866.SZ,b10r010100
30900,2019-04-30,002866.SZ,b10r010100
30901,2019-06-28,002866.SZ,b10r010100
30916,2019-02-28,002868.SZ,b10k020100
30948,2019-06-28,002872.SZ,b10i040100
30950,2019-08-30,002872.SZ,b10i040100
30975,2019-04-30,300604.SZ,b10p010100
31017,2019-07-31,300643.SZ,b10d030100
31031,2019-01-31,300648.SZ,b10a050100
31040,2019-01-31,300649.SZ,b107020100
31052,2019-03-29,300650.SZ,b10g040100
31058,2019-09-30,300650.SZ,b10g040100
31069,2019-10-31,300651.SZ,b109020300
31090,2019-01-31,603050.SH,b10b020100
31098,2019-09-30,603050.SH,b10b020100
31100,2019-01-31,603081.SH,b107020100
31102,2019-03-29,603081.SH,b107020100
31117,2019-08-30,603086.SH,b106010500
31136,2019-07-31,603113.SH,b102020100
31172,2019-03-29,603229.SH,b10i010100
31181,2019-02-28,603232.SH,b10r020200
31183,2019-04-30,603232.SH,b10r020200
31200,2019-01-31,603501.SH,b10p020100
31204,2019-05-31,603501.SH,b10p020100
31220,2019-01-31,603728.SH,b10b020100
31221,2019-02-28,603728.SH,b10b020100
31231,2019-02-28,603758.SH,b10d030100
31236,2019-07-31,603758.SH,b10d030100
31237,2019-08-30,603758.SH,b10d030100
31250,2019-02-28,603797.SH,b104020200
31267,2019-10-31,603803.SH,b10q020700
31358,2019-04-30,002877.SZ,b10a030400
31361,2019-07-31,002877.SZ,b10a030400
31390,2019-07-31,300647.SZ,b10p030100
31394,2019-01-31,300653.SZ,b10i030100
31403,2019-01-31,300655.SZ,b106030800
31404,2019-02-28,300655.SZ,b106030800
31408,2019-06-28,300655.SZ,b106030800
31420,2019-08-30,300656.SZ,b10p020100
31475,2019-05-31,300662.SZ,b10t010100
31479,2019-09-30,300662.SZ,b10t010100
31481,2019-01-31,300663.SZ,b10r030200
31489,2019-01-31,300665.SZ,b106040300
31490,2019-02-28,300665.SZ,b106040300
31499,2019-01-31,300668.SZ,b107020100
31509,2019-01-31,601878.SH,b10m010100
31512,2019-04-30,601878.SH,b10m010100
31513,2019-05-31,601878.SH,b10m010100
31519,2019-01-31,603042.SH,b10q020700
31520,2019-02-28,603042.SH,b10q020700
31525,2019-07-31,603042.SH,b10q020700
31559,2019-02-28,603269.SH,b10a030500
31570,2019-03-29,603316.SH,b107020100
31588,2019-03-29,603488.SH,b10a020300
31592,2019-07-31,603488.SH,b10a020300
31601,2019-06-28,603496.SH,b10r030200
31604,2019-09-30,603496.SH,b10r030200
31605,2019-10-31,603496.SH,b10r030200
31628,2019-03-29,603767.SH,b10d030100
31648,2019-03-29,603879.SH,b106020600
31659,2019-04-30,603980.SH,b106040400
31667,2019-02-28,002879.SZ,b10b020100
31668,2019-03-29,002879.SZ,b10b020100
31676,2019-01-31,002881.SZ,b10p020100
31679,2019-04-30,002881.SZ,b10p020100
31715,2019-10-31,002884.SZ,b10a030500
31736,2019-01-31,300666.SZ,b10p010100
31737,2019-02-28,300666.SZ,b10p010100
31739,2019-04-30,300666.SZ,b10p010100
31740,2019-05-31,300666.SZ,b10p010100
31742,2019-07-31,300666.SZ,b10p010100
31744,2019-09-30,300666.SZ,b10p010100
31746,2019-01-31,300667.SZ,b10p020100
31749,2019-04-30,300667.SZ,b10p020100
31751,2019-06-28,300667.SZ,b10p020100
31769,2019-04-30,300670.SZ,b10b020200
31772,2019-07-31,300670.SZ,b10b020200
31774,2019-09-30,300670.SZ,b10b020200
31775,2019-10-31,300670.SZ,b10b020200
31777,2019-02-28,300671.SZ,b10p010100
31785,2019-10-31,300671.SZ,b10p010100
31803,2019-09-30,300673.SZ,b10k020100
31810,2019-06-28,300677.SZ,b10i040200
31876,2019-02-28,603387.SH,b10i040200
31906,2019-02-28,603679.SH,b10g040100
31936,2019-02-28,603801.SH,b109020300
31950,2019-06-28,603933.SH,b10p020100
31974,2019-01-31,002888.SZ,b10p030100
31975,2019-02-28,002888.SZ,b10p030100
31983,2019-10-31,002888.SZ,b10p030100
31987,2019-04-30,002889.SZ,b10s010500
32013,2019-01-31,300675.SZ,b10n020100
32015,2019-03-29,300675.SZ,b10n020100
32030,2019-09-30,300678.SZ,b10r020200
32031,2019-10-31,300678.SZ,b10r020200
32085,2019-04-30,300687.SZ,b10r030100
32087,2019-06-28,300687.SZ,b10r030100
32088,2019-07-31,300687.SZ,b10r030100
32089,2019-08-30,300687.SZ,b10r030100
32090,2019-09-30,300687.SZ,b10r030100
32093,2019-02-28,300689.SZ,b10q020300
32094,2019-03-29,300689.SZ,b10q020300
32100,2019-09-30,300689.SZ,b10q020300
32117,2019-06-28,300691.SZ,b10p030100
32121,2019-10-31,300691.SZ,b10p030100
32126,2019-06-28,601619.SH,b104010300
32138,2019-08-30,603063.SH,b10b020100
32180,2019-10-31,603612.SH,b103030100
32182,2019-02-28,603676.SH,b10i010200
32183,2019-03-29,603676.SH,b10i010200
32201,2019-01-31,603825.SH,b10s010500
32206,2019-06-28,603825.SH,b10s010500
32210,2019-10-31,603825.SH,b10s010500
32230,2019-10-31,603880.SH,b10i040200
32232,2019-02-28,002891.SZ,b10j030400
32239,2019-09-30,002891.SZ,b10j030400
32241,2019-01-31,002895.SZ,b106030600
32247,2019-07-31,002895.SZ,b106030600
32265,2019-05-31,002897.SZ,b10q020300
32273,2019-03-29,002899.SZ,b109020300
32284,2019-04-30,300676.SZ,b10i040300
32286,2019-06-28,300676.SZ,b10i040300
32289,2019-09-30,300676.SZ,b10i040300
32301,2019-01-31,300682.SZ,b10r030100
32307,2019-07-31,300682.SZ,b10r030100
32311,2019-01-31,300688.SZ,b10t010100
32312,2019-02-28,300688.SZ,b10t010100
32317,2019-07-31,300688.SZ,b10t010100
32320,2019-10-31,300688.SZ,b10t010100
32330,2019-10-31,300692.SZ,b104020200
32352,2019-02-28,300696.SZ,b10c010100
32422,2019-04-30,603127.SH,b10i040300
32429,2019-01-31,603129.SH,b10d050100
32439,2019-01-31,603181.SH,b106040700
32450,2019-02-28,603183.SH,b10t010100
32451,2019-03-29,603183.SH,b10t010100
32454,2019-06-28,603183.SH,b10t010100
32469,2019-01-31,603305.SH,b10d030100
32472,2019-04-30,603305.SH,b10d030100
32500,2019-03-29,603359.SH,b107020100
32509,2019-02-28,603386.SH,b10p030100
32518,2019-01-31,603500.SH,b10a040100
32539,2019-02-28,603557.SH,b10h050200
32547,2019-01-31,603602.SH,b10q020400
32550,2019-04-30,603602.SH,b10q020400
32553,2019-07-31,603602.SH,b10q020400
32558,2019-02-28,603648.SH,b10o020200
32561,2019-05-31,603648.SH,b10o020200
32567,2019-02-28,603721.SH,b10s010200
32577,2019-02-28,603725.SH,b108030200
32578,2019-03-29,603725.SH,b108030200
32603,2019-08-30,603976.SH,b109020200
32607,2019-02-28,603978.SH,b103020500
32617,2019-02-28,002893.SZ,b104020400
32618,2019-03-29,002893.SZ,b104020400
32622,2019-08-30,002893.SZ,b104020400
32627,2019-03-29,002898.SZ,b10i010200
32630,2019-06-28,002898.SZ,b10i010200
32645,2019-01-31,002901.SZ,b10i040200
32655,2019-01-31,002902.SZ,b10p020100
32663,2019-10-31,002902.SZ,b10p020100
32675,2019-03-29,002906.SZ,b10r010200
32686,2019-04-30,300654.SZ,b10s010100
32688,2019-06-28,300654.SZ,b10s010100
32690,2019-08-30,300654.SZ,b10s010100
32703,2019-01-31,300698.SZ,b10q020700
32704,2019-02-28,300698.SZ,b10q020700
32705,2019-03-29,300698.SZ,b10q020700
32729,2019-07-31,300701.SZ,b10p030100
32734,2019-02-28,300705.SZ,b10i010200
32735,2019-03-29,300705.SZ,b10i010200
32738,2019-06-28,300705.SZ,b10i010200
32750,2019-08-30,300706.SZ,b10p030100
32754,2019-02-28,300707.SZ,b10d030100
32755,2019-03-29,300707.SZ,b10d030100
32758,2019-06-28,300707.SZ,b10d030100
32764,2019-02-28,300709.SZ,b10p030100
32773,2019-02-28,601086.SH,b10e010300
32779,2019-08-30,601086.SH,b10e010300
32784,2019-04-30,601108.SH,b10m010100
32785,2019-05-31,601108.SH,b10m010100
32786,2019-06-28,601108.SH,b10m010100
32787,2019-07-31,601108.SH,b10m010100
32788,2019-08-30,601108.SH,b10m010100
32789,2019-09-30,601108.SH,b10m010100
32793,2019-03-29,603055.SH,b10h040200
32811,2019-01-31,603106.SH,b10r010200
32812,2019-02-28,603106.SH,b10r010200
32829,2019-02-28,603157.SH,b10h050200
32830,2019-03-29,603157.SH,b10h050200
32833,2019-06-28,603157.SH,b10h050200
32835,2019-08-30,603157.SH,b10h050200
32838,2019-01-31,603363.SH,b10k020100
32850,2019-03-29,603367.SH,b10i010200
32857,2019-10-31,603367.SH,b10i010200
32858,2019-01-31,603378.SH,b106040300
32860,2019-03-29,603378.SH,b106040300
32861,2019-04-30,603378.SH,b106040300
32867,2019-10-31,603378.SH,b106040300
32877,2019-01-31,603533.SH,b10s010400
32879,2019-03-29,603533.SH,b10s010400
32882,2019-06-28,603533.SH,b10s010400
32884,2019-08-30,603533.SH,b10s010400
32888,2019-02-28,603813.SH,b10o020200
32889,2019-03-29,603813.SH,b10o020200
32896,2019-10-31,603813.SH,b10o020200
32931,2019-06-28,002903.SZ,b10a030200
32935,2019-01-31,002907.SZ,b10i020100
32936,2019-02-28,002907.SZ,b10i020100
32938,2019-04-30,002907.SZ,b10i020100
32940,2019-06-28,002907.SZ,b10i020100
32951,2019-07-31,002908.SZ,b10q020300
32953,2019-09-30,002908.SZ,b10q020300
32956,2019-02-28,002909.SZ,b106040700
32966,2019-02-28,002910.SZ,b10j030300
32974,2019-10-31,002910.SZ,b10j030300
32975,2019-01-31,300708.SZ,b10p020100
32989,2019-06-28,300710.SZ,b10q020600
32997,2019-04-30,300711.SZ,b10q020600
32998,2019-05-31,300711.SZ,b10q020600
33006,2019-03-29,300712.SZ,b107020100
33009,2019-06-28,300712.SZ,b107020100
33015,2019-02-28,300713.SZ,b10b020100
33064,2019-01-31,300719.SZ,b10c010100
33073,2019-10-31,300719.SZ,b10c010100
33108,2019-05-31,600903.SH,b104020300
33109,2019-06-28,600903.SH,b104020300
33121,2019-08-30,600933.SH,b10d030100
33146,2019-03-29,603083.SH,b10q020300
33150,2019-07-31,603083.SH,b10q020300
33153,2019-10-31,603083.SH,b10q020300
33159,2019-06-28,603136.SH,b10f010100
33162,2019-09-30,603136.SH,b10f010100
33172,2019-09-30,603260.SH,b103030100
33186,2019-03-29,603289.SH,b10a020300
33209,2019-06-28,603466.SH,b107020100
33211,2019-08-30,603466.SH,b107020100
33212,2019-09-30,603466.SH,b107020100
33245,2019-02-28,603607.SH,b109020200
33249,2019-06-28,603607.SH,b109020200
33261,2019-10-31,603619.SH,b101010100
33265,2019-04-30,603659.SH,b10p010100
33283,2019-02-28,603683.SH,b106040700
33284,2019-03-29,603683.SH,b106040700
33296,2019-06-28,603722.SH,b106040700
33297,2019-07-31,603722.SH,b106040700
33303,2019-03-29,603829.SH,b10b020100
33312,2019-02-28,603856.SH,b10a030400
33313,2019-03-29,603856.SH,b10a030400
33321,2019-01-31,603912.SH,b10a020300
33326,2019-06-28,603912.SH,b10a020300
33330,2019-10-31,603912.SH,b10a020300
33347,2019-07-31,603937.SH,b103020500
33353,2019-03-29,001965.SZ,b10o010100
33370,2019-10-31,002864.SZ,b10i020200
33371,2019-01-31,002911.SZ,b104020300
33396,2019-06-28,002913.SZ,b10p030100
33403,2019-03-29,002917.SZ,b106040200
33406,2019-06-28,002917.SZ,b106040200
33410,2019-10-31,002917.SZ,b106040200
33421,2019-01-31,002919.SZ,b106040100
33422,2019-02-28,002919.SZ,b106040100
33424,2019-04-30,002919.SZ,b106040100
33435,2019-06-28,300722.SZ,b10c030100
33436,2019-07-31,300722.SZ,b10c030100
33438,2019-09-30,300722.SZ,b10c030100
33450,2019-01-31,300726.SZ,b10p020100
33451,2019-02-28,300726.SZ,b10p020100
33452,2019-03-29,300726.SZ,b10p020100
33458,2019-09-30,300726.SZ,b10p020100
33459,2019-10-31,300726.SZ,b10p020100
33477,2019-09-30,300730.SZ,b10r020200
33539,2019-01-31,002915.SZ,b106030400
33544,2019-06-28,002915.SZ,b106030400
33548,2019-10-31,002915.SZ,b106030400
33553,2019-05-31,002916.SZ,b10p030100
33562,2019-04-30,002920.SZ,b10d030100
33564,2019-06-28,002920.SZ,b10d030100
33570,2019-02-28,002921.SZ,b10d030100
33571,2019-03-29,002921.SZ,b10d030100
33574,2019-06-28,002921.SZ,b10d030100
33579,2019-01-31,002922.SZ,b10p020100
33580,2019-02-28,002922.SZ,b10p020100
33588,2019-10-31,002922.SZ,b10p020100
33598,2019-10-31,002925.SZ,b10p020100
33600,2019-02-28,300727.SZ,b106040400
33610,2019-02-28,300731.SZ,b10q020300
33611,2019-03-29,300731.SZ,b10q020300
33612,2019-04-30,300731.SZ,b10q020300
33614,2019-06-28,300731.SZ,b10q020300
33618,2019-01-31,300733.SZ,b10d030100
33619,2019-02-28,300733.SZ,b10d030100
33633,2019-06-28,300735.SZ,b10q020300
33639,2019-03-29,601828.SH,b10e010300
33641,2019-05-31,601828.SH,b10e010300
33642,2019-06-28,601828.SH,b10e010300
33649,2019-03-29,603161.SH,b10d030100
33667,2019-02-28,603655.SH,b10d030100
33668,2019-03-29,603655.SH,b10d030100
33669,2019-04-30,603655.SH,b10d030100
33688,2019-04-30,603895.SH,b10d030100
33690,2019-06-28,603895.SH,b10d030100
33691,2019-07-31,603895.SH,b10a020300
33693,2019-09-30,603895.SH,b10a020300
33694,2019-10-31,603895.SH,b10a020300
33716,2019-02-28,002923.SZ,b10i010100
33719,2019-05-31,002923.SZ,b10i010100
33726,2019-02-28,002926.SZ,b10m010100
33728,2019-04-30,002926.SZ,b10m010100
33729,2019-05-31,002926.SZ,b10m010100
33730,2019-06-28,002926.SZ,b10m010100
33741,2019-07-31,300624.SZ,b10r020200
33750,2019-06-28,300644.SZ,b10d030100
33751,2019-07-31,300644.SZ,b10d030100
33756,2019-02-28,300664.SZ,b104020200
33768,2019-04-30,300684.SZ,b106040700
33773,2019-09-30,300684.SZ,b106040700
33781,2019-07-31,300736.SZ,b10q020200
33795,2019-02-28,300738.SZ,b10r030100
33802,2019-09-30,300738.SZ,b10r030100
33803,2019-10-31,300738.SZ,b10r030100
33808,2019-05-31,300739.SZ,b10p020100
33812,2019-09-30,300739.SZ,b10p020100
33816,2019-03-29,601838.SH,b10l020200
33824,2019-01-31,603056.SH,b10o020200
33826,2019-03-29,603056.SH,b10o020200
33827,2019-04-30,603056.SH,b10o020200
33831,2019-08-30,603056.SH,b10o020200
33833,2019-10-31,603056.SH,b10o020200
33836,2019-03-29,603080.SH,b104020300
33859,2019-07-31,603329.SH,b10o020200
33864,2019-02-28,603477.SH,b10h040400
33884,2019-04-30,002927.SZ,b10b020100
33889,2019-10-31,002927.SZ,b10b020100
33891,2019-02-28,002928.SZ,b10o040100
33892,2019-03-29,002928.SZ,b10o040100
33911,2019-02-28,300740.SZ,b106040100
33912,2019-03-29,300740.SZ,b106040100
33916,2019-07-31,300740.SZ,b106040100
33917,2019-08-30,300740.SZ,b106040100
33918,2019-09-30,300740.SZ,b106040100
33932,2019-03-29,600901.SH,b10m030200
33938,2019-09-30,600901.SH,b10m030200
33951,2019-02-28,603356.SH,b10a020300
33955,2019-06-28,603356.SH,b10a020300
33973,2019-04-30,603516.SH,b10q020600
33981,2019-02-28,603680.SH,b10d030100
34000,2019-01-31,002930.SZ,b10o020200
34002,2019-03-29,002930.SZ,b10o020200
34003,2019-04-30,002930.SZ,b10o020200
34005,2019-06-28,002930.SZ,b10o020200
34016,2019-07-31,002931.SZ,b10a030400
34019,2019-10-31,002931.SZ,b10a030400
34020,2019-01-31,300504.SZ,b10q020400
34028,2019-09-30,300504.SZ,b10q020400
34045,2019-06-28,603301.SH,b10i040200
34050,2019-01-31,603712.SH,b10q020300
34052,2019-03-29,603712.SH,b10q020300
34053,2019-04-30,603712.SH,b10q020300
34056,2019-07-31,603712.SH,b10q020300
34058,2019-09-30,603712.SH,b10q020300
34059,2019-10-31,603712.SH,b10q020300
34072,2019-03-29,603897.SH,b10b020100
34088,2019-09-30,300634.SZ,b10r030100
34089,2019-10-31,300634.SZ,b10r030100
34106,2019-07-31,300743.SZ,b10r010200
34109,2019-10-31,300743.SZ,b10r010200
34130,2019-01-31,603259.SH,b10i040300
34131,2019-02-28,603259.SH,b10i040300
34132,2019-03-29,603259.SH,b10i040300
34133,2019-04-30,603259.SH,b10i040300
34134,2019-05-31,603259.SH,b10i040300
34139,2019-01-31,603596.SH,b10d030100
34148,2019-10-31,603596.SH,b10d030100
34149,2019-01-31,603733.SH,b109010100
34162,2019-04-30,603876.SH,b103020500
34172,2019-04-30,300746.SZ,b107020100
34176,2019-09-30,300746.SZ,b107020100
34178,2019-01-31,300750.SZ,b10d030100
34179,2019-02-28,300750.SZ,b10d030100
34181,2019-04-30,300750.SZ,b10d030100
34183,2019-06-28,300750.SZ,b10d030100
34192,2019-06-28,601066.SH,b10m010100
34193,2019-07-31,601066.SH,b10m010100
34195,2019-09-30,601066.SH,b10m010100
34196,2019-10-31,601066.SH,b10m010100
34198,2019-02-28,601138.SH,b10q020600
34200,2019-04-30,601138.SH,b10q020600
34206,2019-10-31,601138.SH,b10q020600
34207,2019-01-31,601990.SH,b10m010100
34209,2019-04-30,601990.SH,b10m010100
34210,2019-05-31,601990.SH,b10m010100
34212,2019-07-31,601990.SH,b10m010100
34214,2019-09-30,601990.SH,b10m010100
34215,2019-10-31,601990.SH,b10m010100
34217,2019-02-28,603045.SH,b103030100
34220,2019-06-28,603045.SH,b103030100
34228,2019-04-30,603348.SH,b10d030100
34255,2019-01-31,300454.SZ,b10r020200
34257,2019-03-29,300454.SZ,b10r020200
34275,2019-01-31,300747.SZ,b10p020100
34278,2019-04-30,300747.SZ,b10p020100
34283,2019-09-30,300747.SZ,b10p020100
34285,2019-01-31,601330.SH,b104020100
34287,2019-03-29,601330.SH,b104020100
34288,2019-04-30,601330.SH,b104020100
34289,2019-05-31,601330.SH,b104020100
34290,2019-07-31,601330.SH,b104020100
34292,2019-09-30,601330.SH,b104020100
34293,2019-10-31,601330.SH,b104020100
34297,2019-04-30,603105.SH,b10b030300
34304,2019-01-31,603486.SH,b10a020300
34305,2019-02-28,603486.SH,b10a020300
34311,2019-08-30,603486.SH,b10a020300
34313,2019-10-31,603486.SH,b10a020300
34314,2019-01-31,603650.SH,b106020600
34317,2019-04-30,603650.SH,b106020600
34333,2019-10-31,603666.SH,b10a020300
34334,2019-01-31,603693.SH,b104010300
34336,2019-03-29,603693.SH,b104010300
34340,2019-08-30,603693.SH,b104010300
34345,2019-03-29,603706.SH,b104020300
34348,2019-06-28,603706.SH,b104020300
34349,2019-07-31,603706.SH,b104020300
34359,2019-07-31,603713.SH,b10o020200
34366,2019-04-30,300724.SZ,b10a020300
34371,2019-09-30,300724.SZ,b10a020300
34372,2019-10-31,300724.SZ,b10a020300
34373,2019-01-31,601606.SH,b10c020100
34380,2019-08-30,601606.SH,b10c020100
34383,2019-01-31,601869.SH,b10q020700
34386,2019-04-30,601869.SH,b10q020700
34388,2019-06-28,601869.SH,b10q020700
34401,2019-09-30,603657.SH,b10g040200
34406,2019-04-30,002933.SZ,b10c010100
34409,2019-07-31,002933.SZ,b10c010100
34411,2019-09-30,002933.SZ,b10c010100
34419,2019-07-31,002935.SZ,b10c010200
34423,2019-01-31,002936.SZ,b10l020200
34427,2019-05-31,002936.SZ,b10l020200
34433,2019-01-31,002938.SZ,b10p020100
34437,2019-05-31,002938.SZ,b10p020100
34442,2019-01-31,601068.SH,b107010100
34445,2019-04-30,601068.SH,b107010100
34455,2019-05-31,601577.SH,b10l020200
34478,2019-08-30,603297.SH,b10p030100
34496,2019-06-28,603590.SH,b10i030100
34507,2019-08-30,603810.SH,b106010500
34516,2019-07-31,002937.SZ,b10p020100
34519,2019-10-31,002937.SZ,b10p020100
34539,2019-03-29,300760.SZ,b10i040200
34540,2019-04-30,300760.SZ,b10i040200
34541,2019-05-31,300760.SZ,b10i040200
34546,2019-10-31,300760.SZ,b10i040200
34547,2019-01-31,002939.SZ,b10m010100
34550,2019-04-30,002939.SZ,b10m010100
34551,2019-05-31,002939.SZ,b10m010100
34555,2019-09-30,002939.SZ,b10m010100
34556,2019-10-31,002939.SZ,b10m010100
34560,2019-04-30,300694.SZ,b10d030100
34588,2019-04-30,601162.SH,b10m010100
34589,2019-05-31,601162.SH,b10m010100
34591,2019-07-31,601162.SH,b10m010100
34592,2019-08-30,601162.SH,b10m010100
34593,2019-09-30,601162.SH,b10m010100
34594,2019-10-31,601162.SH,b10m010100
34598,2019-04-30,601319.SH,b10m020100
34599,2019-05-31,601319.SH,b10m020100
34607,2019-03-29,603220.SH,b10q020500
34608,2019-04-30,603220.SH,b10q020500
34628,2019-04-30,002941.SZ,b107010100
34688,2019-07-31,603629.SH,b10p020100
34699,2019-10-31,002948.SZ,b10l020200
34721,2019-04-30,601298.SH,b10o030200
34722,2019-05-31,601298.SH,b10o030200
34726,2019-09-30,601298.SH,b10o030200
34729,2019-04-30,601598.SH,b10o030100
34730,2019-05-31,601598.SH,b10o030100
34733,2019-08-30,601598.SH,b10o030100
34738,2019-04-30,601860.SH,b10l020200
34740,2019-06-28,601860.SH,b10l020200
34742,2019-08-30,601860.SH,b10l020200
34744,2019-10-31,601860.SH,b10l020200
34749,2019-06-28,601975.SH,b10o030100
34751,2019-08-30,601975.SH,b10o030100
34757,2019-06-28,603121.SH,b10d030100
34764,2019-03-29,603185.SH,b10a020300
34770,2019-09-30,603185.SH,b10a020300
34783,2019-06-28,002942.SZ,b106010500
34785,2019-08-30,002942.SZ,b106010500
34788,2019-04-30,002945.SZ,b10m010100
34789,2019-05-31,002945.SZ,b10m010100
34798,2019-06-28,002946.SZ,b10j030300
34799,2019-07-31,002946.SZ,b10j030300
34800,2019-08-30,002946.SZ,b10j030300
34805,2019-05-31,002947.SZ,b10p030100
34814,2019-06-28,300755.SZ,b10e010300
34816,2019-08-30,300755.SZ,b10e010300
34819,2019-04-30,300759.SZ,b10i040300
34820,2019-05-31,300759.SZ,b10i040300
34821,2019-06-28,300759.SZ,b10i040300
34840,2019-09-30,601615.SH,b10b030100
34842,2019-03-29,603332.SH,b106020100
34859,2019-04-30,603700.SH,b10a050100
34864,2019-09-30,603700.SH,b10a050100
34865,2019-10-31,603700.SH,b10a050100
34873,2019-10-31,002949.SZ,b107010100
34877,2019-06-28,002950.SZ,b10i040200
34878,2019-07-31,002950.SZ,b10i040200
34881,2019-10-31,002950.SZ,b10i040200
34882,2019-04-30,002951.SZ,b109020200
34888,2019-10-31,002951.SZ,b109020200
34903,2019-04-30,300765.SZ,b10i010100
34905,2019-06-28,300765.SZ,b10i010100
34929,2019-04-30,002958.SZ,b10l020200
34934,2019-09-30,002958.SZ,b10l020200
34935,2019-10-31,002958.SZ,b10l020200
34943,2019-04-30,300766.SZ,b10s010500
34946,2019-07-31,300766.SZ,b10s010500
34947,2019-08-30,300766.SZ,b10s010500
34951,2019-06-28,300767.SZ,b106040500
34964,2019-06-28,300769.SZ,b106040700
34967,2019-09-30,300769.SZ,b106040700
34977,2019-06-28,300771.SZ,b10r010200
34982,2019-04-30,600928.SH,b10l020200
34987,2019-09-30,600928.SH,b10l020200
34988,2019-10-31,600928.SH,b10l020200
35007,2019-08-30,603379.SH,b106030400
35024,2019-07-31,300773.SZ,b10m030200
35029,2019-06-28,300776.SZ,b10p020100
35036,2019-07-31,300778.SZ,b107020100
35038,2019-09-30,300778.SZ,b107020100
35039,2019-10-31,300778.SZ,b107020100
35043,2019-08-30,600989.SH,b106020600
35050,2019-09-30,603267.SH,b10p020100
35051,2019-10-31,603267.SH,b10p020100
35055,2019-08-30,603967.SH,b10o020200
35058,2019-06-28,002953.SZ,b10b020100
35059,2019-07-31,002953.SZ,b10b020100
35068,2019-07-31,300772.SZ,b10b030100
35079,2019-09-30,300777.SZ,b106040700
35095,2019-06-28,603697.SH,b10j030400
35108,2019-09-30,603982.SH,b10d030100
35134,2019-08-30,600968.SH,b101030100
35135,2019-09-30,600968.SH,b101030100
35140,2019-10-31,601236.SH,b10m010100
35155,2019-09-30,688001.SH,b10a050100
35159,2019-09-30,688002.SH,b10p030100
35162,2019-08-30,688003.SH,b10a050100
35163,2019-09-30,688003.SH,b10a050100
35166,2019-08-30,688005.SH,b10p030100
35171,2019-09-30,688006.SH,b10a020300
35174,2019-08-30,688007.SH,b10p030100
35179,2019-09-30,688008.SH,b10p010100
35183,2019-09-30,688009.SH,b10a040100
35184,2019-10-31,688009.SH,b10a040100
35215,2019-09-30,688020.SH,b10p030100
35231,2019-09-30,688033.SH,b10a040100
35243,2019-09-30,688122.SH,b103030100
35251,2019-09-30,688388.SH,b10p030100
35260,2019-10-31,002960.SZ,b10a020300
35262,2019-09-30,002966.SZ,b10l020200
35263,2019-10-31,002966.SZ,b10l020200
35265,2019-10-31,003816.SZ,b104010300
35273,2019-10-31,300787.SZ,b10p030100
35279,2019-10-31,603279.SH,b10a020300
35286,2019-08-30,603662.SH,b10a050100
35309,2019-09-30,603115.SH,b10a020300
35310,2019-10-31,603115.SH,b10a020300
35314,2019-10-31,603992.SH,b109020300
35318,2019-10-31,688116.SH,b106040700
