,Unnamed: 0,trade_dt_x,wind_code
3,149115,2019-01-31,000005.SZ
35,149147,2019-01-31,000045.SZ
38,149150,2019-01-31,000049.SZ
66,149178,2019-01-31,000158.SZ
78,149190,2019-01-31,000408.SZ
123,149235,2019-01-31,000531.SZ
124,149236,2019-01-31,000532.SZ
140,149252,2019-01-31,000551.SZ
149,149261,2019-01-31,000561.SZ
154,149266,2019-01-31,000567.SZ
174,149286,2019-01-31,000597.SZ
184,149296,2019-01-31,000609.SZ
197,149309,2019-01-31,000626.SZ
215,149327,2019-01-31,000657.SZ
238,149350,2019-01-31,000686.SZ
255,149367,2019-01-31,000710.SZ
257,149369,2019-01-31,000712.SZ
271,149383,2019-01-31,000728.SZ
284,149396,2019-01-31,000753.SZ
285,149397,2019-01-31,000755.SZ
286,149398,2019-01-31,000756.SZ
302,149414,2019-01-31,000783.SZ
311,149423,2019-01-31,000795.SZ
316,149428,2019-01-31,000800.SZ
386,149498,2019-01-31,000908.SZ
387,149499,2019-01-31,000909.SZ
396,149508,2019-01-31,000920.SZ
406,149518,2019-01-31,000931.SZ
422,149534,2019-01-31,000958.SZ
430,149542,2019-01-31,000967.SZ
445,149557,2019-01-31,000985.SZ
446,149558,2019-01-31,000987.SZ
447,149559,2019-01-31,000988.SZ
469,149581,2019-01-31,002009.SZ
496,149608,2019-01-31,002036.SZ
501,149613,2019-01-31,002041.SZ
506,149618,2019-01-31,002046.SZ
526,149638,2019-01-31,002066.SZ
527,149639,2019-01-31,002067.SZ
533,149645,2019-01-31,002074.SZ
564,149676,2019-01-31,002105.SZ
591,149703,2019-01-31,002132.SZ
593,149705,2019-01-31,002134.SZ
643,149755,2019-01-31,002184.SZ
649,149761,2019-01-31,002190.SZ
655,149767,2019-01-31,002196.SZ
656,149768,2019-01-31,002197.SZ
660,149772,2019-01-31,002201.SZ
668,149780,2019-01-31,002209.SZ
686,149798,2019-01-31,002227.SZ
691,149803,2019-01-31,002232.SZ
697,149809,2019-01-31,002238.SZ
712,149824,2019-01-31,002253.SZ
749,149861,2019-01-31,002291.SZ
770,149882,2019-01-31,002312.SZ
786,149898,2019-01-31,002328.SZ
800,149912,2019-01-31,002342.SZ
834,149946,2019-01-31,002376.SZ
867,149979,2019-01-31,002409.SZ
874,149986,2019-01-31,002416.SZ
886,149998,2019-01-31,002428.SZ
910,150022,2019-01-31,002452.SZ
911,150023,2019-01-31,002453.SZ
929,150041,2019-01-31,002471.SZ
942,150054,2019-01-31,002484.SZ
952,150064,2019-01-31,002494.SZ
969,150081,2019-01-31,002511.SZ
1006,150118,2019-01-31,002549.SZ
1019,150131,2019-01-31,002562.SZ
1047,150159,2019-01-31,002590.SZ
1056,150168,2019-01-31,002599.SZ
1066,150178,2019-01-31,002609.SZ
1071,150183,2019-01-31,002614.SZ
1072,150184,2019-01-31,002615.SZ
1091,150203,2019-01-31,002634.SZ
1093,150205,2019-01-31,002636.SZ
1097,150209,2019-01-31,002640.SZ
1108,150220,2019-01-31,002651.SZ
1148,150260,2019-01-31,002691.SZ
1191,150303,2019-01-31,002737.SZ
1197,150309,2019-01-31,002743.SZ
1200,150312,2019-01-31,002747.SZ
1202,150314,2019-01-31,002749.SZ
1222,150334,2019-01-31,002771.SZ
1234,150346,2019-01-31,002783.SZ
1235,150347,2019-01-31,002785.SZ
1237,150349,2019-01-31,002787.SZ
1261,150373,2019-01-31,002813.SZ
1264,150376,2019-01-31,002817.SZ
1271,150383,2019-01-31,002824.SZ
1288,150400,2019-01-31,002842.SZ
1289,150401,2019-01-31,002843.SZ
1302,150414,2019-01-31,002858.SZ
1314,150426,2019-01-31,002870.SZ
1325,150437,2019-01-31,002882.SZ
1332,150444,2019-01-31,002889.SZ
1333,150445,2019-01-31,002890.SZ
1342,150454,2019-01-31,002900.SZ
1390,150502,2019-01-31,300005.SZ
1404,150516,2019-01-31,300019.SZ
1420,150532,2019-01-31,300035.SZ
1425,150537,2019-01-31,300040.SZ
1428,150540,2019-01-31,300043.SZ
1433,150545,2019-01-31,300048.SZ
1436,150548,2019-01-31,300051.SZ
1446,150558,2019-01-31,300062.SZ
1448,150560,2019-01-31,300064.SZ
1465,150577,2019-01-31,300081.SZ
1469,150581,2019-01-31,300085.SZ
1483,150595,2019-01-31,300099.SZ
1510,150622,2019-01-31,300126.SZ
1555,150667,2019-01-31,300171.SZ
1572,150684,2019-01-31,300189.SZ
1584,150696,2019-01-31,300201.SZ
1585,150697,2019-01-31,300202.SZ
1593,150705,2019-01-31,300210.SZ
1598,150710,2019-01-31,300215.SZ
1603,150715,2019-01-31,300220.SZ
1617,150729,2019-01-31,300234.SZ
1652,150764,2019-01-31,300269.SZ
1653,150765,2019-01-31,300270.SZ
1659,150771,2019-01-31,300276.SZ
1664,150776,2019-01-31,300281.SZ
1671,150783,2019-01-31,300288.SZ
1674,150786,2019-01-31,300291.SZ
1687,150799,2019-01-31,300304.SZ
1701,150813,2019-01-31,300318.SZ
1714,150826,2019-01-31,300331.SZ
1724,150836,2019-01-31,300341.SZ
1727,150839,2019-01-31,300344.SZ
1741,150853,2019-01-31,300358.SZ
1749,150861,2019-01-31,300367.SZ
1760,150872,2019-01-31,300379.SZ
1770,150882,2019-01-31,300389.SZ
1778,150890,2019-01-31,300397.SZ
1788,150900,2019-01-31,300407.SZ
1816,150928,2019-01-31,300435.SZ
1817,150929,2019-01-31,300436.SZ
1825,150937,2019-01-31,300444.SZ
1846,150958,2019-01-31,300465.SZ
1865,150977,2019-01-31,300484.SZ
1870,150982,2019-01-31,300489.SZ
1874,150986,2019-01-31,300493.SZ
1881,150993,2019-01-31,300500.SZ
1886,150998,2019-01-31,300505.SZ
1896,151008,2019-01-31,300515.SZ
1906,151018,2019-01-31,300526.SZ
1917,151029,2019-01-31,300537.SZ
1920,151032,2019-01-31,300540.SZ
1934,151046,2019-01-31,300555.SZ
1941,151053,2019-01-31,300562.SZ
1953,151065,2019-01-31,300576.SZ
1957,151069,2019-01-31,300580.SZ
1962,151074,2019-01-31,300585.SZ
1970,151082,2019-01-31,300593.SZ
1987,151099,2019-01-31,300611.SZ
2002,151114,2019-01-31,300627.SZ
2006,151118,2019-01-31,300631.SZ
2057,151169,2019-01-31,300683.SZ
2063,151175,2019-01-31,300689.SZ
2071,151183,2019-01-31,300697.SZ
2085,151197,2019-01-31,300712.SZ
2090,151202,2019-01-31,300718.SZ
2100,151212,2019-01-31,300729.SZ
2104,151216,2019-01-31,300733.SZ
2174,151286,2019-01-31,600064.SH
2203,151315,2019-01-31,600096.SH
2227,151339,2019-01-31,600121.SH
2232,151344,2019-01-31,600127.SH
2244,151356,2019-01-31,600141.SH
2264,151376,2019-01-31,600166.SH
2296,151408,2019-01-31,600201.SH
2303,151415,2019-01-31,600210.SH
2312,151424,2019-01-31,600220.SH
2318,151430,2019-01-31,600227.SH
2320,151432,2019-01-31,600229.SH
2332,151444,2019-01-31,600241.SH
2334,151446,2019-01-31,600243.SH
2346,151458,2019-01-31,600259.SH
2353,151465,2019-01-31,600268.SH
2366,151478,2019-01-31,600283.SH
2379,151491,2019-01-31,600299.SH
2383,151495,2019-01-31,600303.SH
2389,151501,2019-01-31,600310.SH
2394,151506,2019-01-31,600316.SH
2406,151518,2019-01-31,600329.SH
2428,151540,2019-01-31,600358.SH
2433,151545,2019-01-31,600363.SH
2438,151550,2019-01-31,600369.SH
2460,151572,2019-01-31,600393.SH
2481,151593,2019-01-31,600425.SH
2486,151598,2019-01-31,600435.SH
2529,151641,2019-01-31,600499.SH
2540,151652,2019-01-31,600511.SH
2566,151678,2019-01-31,600540.SH
2598,151710,2019-01-31,600579.SH
2602,151714,2019-01-31,600583.SH
2608,151720,2019-01-31,600589.SH
2620,151732,2019-01-31,600602.SH
2623,151735,2019-01-31,600605.SH
2634,151746,2019-01-31,600617.SH
2641,151753,2019-01-31,600624.SH
2642,151754,2019-01-31,600626.SH
2671,151783,2019-01-31,600661.SH
2691,151803,2019-01-31,600685.SH
2692,151804,2019-01-31,600686.SH
2698,151810,2019-01-31,600692.SH
2722,151834,2019-01-31,600718.SH
2723,151835,2019-01-31,600719.SH
2740,151852,2019-01-31,600736.SH
2757,151869,2019-01-31,600754.SH
2761,151873,2019-01-31,600758.SH
2787,151899,2019-01-31,600787.SH
2831,151943,2019-01-31,600836.SH
2842,151954,2019-01-31,600850.SH
2855,151967,2019-01-31,600864.SH
2856,151968,2019-01-31,600865.SH
2860,151972,2019-01-31,600869.SH
2867,151979,2019-01-31,600876.SH
2893,152005,2019-01-31,600909.SH
2899,152011,2019-01-31,600936.SH
2913,152025,2019-01-31,600973.SH
2922,152034,2019-01-31,600983.SH
2932,152044,2019-01-31,600996.SH
2938,152050,2019-01-31,601002.SH
2952,152064,2019-01-31,601020.SH
2974,152086,2019-01-31,601126.SH
3004,152116,2019-01-31,601231.SH
3024,152136,2019-01-31,601377.SH
3069,152181,2019-01-31,601788.SH
3090,152202,2019-01-31,601882.SH
3093,152205,2019-01-31,601890.SH
3131,152243,2019-01-31,603009.SH
3133,152245,2019-01-31,603011.SH
3170,152282,2019-01-31,603063.SH
3176,152288,2019-01-31,603078.SH
3177,152289,2019-01-31,603079.SH
3183,152295,2019-01-31,603088.SH
3195,152307,2019-01-31,603110.SH
3205,152317,2019-01-31,603128.SH
3239,152351,2019-01-31,603200.SH
3246,152358,2019-01-31,603223.SH
3249,152361,2019-01-31,603227.SH
3253,152365,2019-01-31,603233.SH
3256,152368,2019-01-31,603258.SH
3267,152379,2019-01-31,603289.SH
3270,152382,2019-01-31,603299.SH
3276,152388,2019-01-31,603308.SH
3292,152404,2019-01-31,603331.SH
3352,152464,2019-01-31,603527.SH
3362,152474,2019-01-31,603559.SH
3366,152478,2019-01-31,603569.SH
3383,152495,2019-01-31,603601.SH
3419,152531,2019-01-31,603667.SH
3423,152535,2019-01-31,603677.SH
3425,152537,2019-01-31,603679.SH
3439,152551,2019-01-31,603703.SH
3448,152560,2019-01-31,603717.SH
3459,152571,2019-01-31,603737.SH
3472,152584,2019-01-31,603787.SH
3487,152599,2019-01-31,603813.SH
3490,152602,2019-01-31,603818.SH
3497,152609,2019-01-31,603829.SH
3516,152628,2019-01-31,603879.SH
3519,152631,2019-01-31,603882.SH
3524,152636,2019-01-31,603888.SH
3532,152644,2019-01-31,603900.SH
3533,152645,2019-01-31,603901.SH
3545,152657,2019-01-31,603926.SH
3546,152658,2019-01-31,603928.SH
3554,152666,2019-01-31,603958.SH
3558,152670,2019-01-31,603966.SH
3561,152673,2019-01-31,603970.SH
3577,152689,2019-01-31,603998.SH
3775,152887,2019-02-28,000625.SZ
3786,152898,2019-02-28,000637.SZ
3880,152992,2019-02-28,000782.SZ
4028,153140,2019-02-28,000990.SZ
4092,153204,2019-02-28,002053.SZ
4211,153323,2019-02-28,002173.SZ
4253,153365,2019-02-28,002215.SZ
4369,153481,2019-02-28,002332.SZ
4384,153496,2019-02-28,002347.SZ
4440,153552,2019-02-28,002403.SZ
4536,153648,2019-02-28,002499.SZ
4826,153938,2019-02-28,002799.SZ
4842,153954,2019-02-28,002817.SZ
4930,154042,2019-02-28,002911.SZ
4994,154106,2019-02-28,300030.SZ
5013,154125,2019-02-28,300049.SZ
5015,154127,2019-02-28,300051.SZ
5071,154183,2019-02-28,300108.SZ
5367,154479,2019-02-28,300407.SZ
5460,154572,2019-02-28,300500.SZ
5465,154577,2019-02-28,300505.SZ
5485,154597,2019-02-28,300526.SZ
5536,154648,2019-02-28,300580.SZ
5636,154748,2019-02-28,300683.SZ
5672,154784,2019-02-28,300721.SZ
5753,154865,2019-02-28,600062.SH
5945,155057,2019-02-28,600281.SH
5981,155093,2019-02-28,600322.SH
6148,155260,2019-02-28,600543.SH
6200,155312,2019-02-28,600601.SH
6204,155316,2019-02-28,600605.SH
6226,155338,2019-02-28,600630.SH
6376,155488,2019-02-28,600796.SH
6416,155528,2019-02-28,600841.SH
6475,155587,2019-02-28,600917.SH
6505,155617,2019-02-28,600984.SH
6511,155623,2019-02-28,600992.SH
6572,155684,2019-02-28,601188.SH
6581,155693,2019-02-28,601222.SH
6610,155722,2019-02-28,601500.SH
6731,155843,2019-02-28,603028.SH
6773,155885,2019-02-28,603101.SH
6800,155912,2019-02-28,603161.SH
6807,155919,2019-02-28,603178.SH
6838,155950,2019-02-28,603239.SH
6848,155960,2019-02-28,603286.SH
6864,155976,2019-02-28,603316.SH
6907,156019,2019-02-28,603393.SH
6949,156061,2019-02-28,603569.SH
6972,156084,2019-02-28,603608.SH
7003,156115,2019-02-28,603668.SH
7083,156195,2019-02-28,603839.SH
7091,156203,2019-02-28,603861.SH
7118,156230,2019-02-28,603906.SH
7134,156246,2019-02-28,603938.SH
7191,156303,2019-03-29,000035.SZ
7228,156340,2019-03-29,000157.SZ
7279,156391,2019-03-29,000523.SZ
7310,156422,2019-03-29,000559.SZ
7312,156424,2019-03-29,000561.SZ
7410,156522,2019-03-29,000700.SZ
7411,156523,2019-03-29,000701.SZ
7412,156524,2019-03-29,000702.SZ
7442,156554,2019-03-29,000738.SZ
7454,156566,2019-03-29,000761.SZ
7457,156569,2019-03-29,000767.SZ
7460,156572,2019-03-29,000777.SZ
7464,156576,2019-03-29,000782.SZ
7476,156588,2019-03-29,000797.SZ
7504,156616,2019-03-29,000833.SZ
7529,156641,2019-03-29,000882.SZ
7592,156704,2019-03-29,000966.SZ
7632,156744,2019-03-29,002009.SZ
7651,156763,2019-03-29,002028.SZ
7654,156766,2019-03-29,002031.SZ
7670,156782,2019-03-29,002047.SZ
7696,156808,2019-03-29,002074.SZ
7727,156839,2019-03-29,002105.SZ
7755,156867,2019-03-29,002133.SZ
7782,156894,2019-03-29,002160.SZ
7846,156958,2019-03-29,002224.SZ
7891,157003,2019-03-29,002270.SZ
7905,157017,2019-03-29,002284.SZ
7946,157058,2019-03-29,002325.SZ
7951,157063,2019-03-29,002330.SZ
7960,157072,2019-03-29,002339.SZ
7968,157080,2019-03-29,002347.SZ
7982,157094,2019-03-29,002361.SZ
8037,157149,2019-03-29,002416.SZ
8063,157175,2019-03-29,002442.SZ
8102,157214,2019-03-29,002481.SZ
8104,157216,2019-03-29,002483.SZ
8107,157219,2019-03-29,002486.SZ
8108,157220,2019-03-29,002487.SZ
8147,157259,2019-03-29,002527.SZ
8159,157271,2019-03-29,002539.SZ
8166,157278,2019-03-29,002546.SZ
8171,157283,2019-03-29,002551.SZ
8173,157285,2019-03-29,002553.SZ
8233,157345,2019-03-29,002613.SZ
8278,157390,2019-03-29,002658.SZ
8291,157403,2019-03-29,002671.SZ
8312,157424,2019-03-29,002693.SZ
8324,157436,2019-03-29,002706.SZ
8377,157489,2019-03-29,002763.SZ
8383,157495,2019-03-29,002770.SZ
8394,157506,2019-03-29,002781.SZ
8431,157543,2019-03-29,002822.SZ
8434,157546,2019-03-29,002825.SZ
8474,157586,2019-03-29,002868.SZ
8579,157691,2019-03-29,300027.SZ
8706,157818,2019-03-29,300155.SZ
8760,157872,2019-03-29,300210.SZ
8777,157889,2019-03-29,300227.SZ
8809,157921,2019-03-29,300259.SZ
8854,157966,2019-03-29,300304.SZ
8865,157977,2019-03-29,300315.SZ
8869,157981,2019-03-29,300319.SZ
8878,157990,2019-03-29,300328.SZ
8910,158022,2019-03-29,300360.SZ
8973,158085,2019-03-29,300425.SZ
9001,158113,2019-03-29,300453.SZ
9025,158137,2019-03-29,300477.SZ
9124,158236,2019-03-29,300580.SZ
9161,158273,2019-03-29,300619.SZ
9318,158430,2019-03-29,600022.SH
9364,158476,2019-03-29,600081.SH
9376,158488,2019-03-29,600095.SH
9391,158503,2019-03-29,600111.SH
9441,158553,2019-03-29,600169.SH
9494,158606,2019-03-29,600229.SH
9530,158642,2019-03-29,600272.SH
9538,158650,2019-03-29,600281.SH
9679,158791,2019-03-29,600468.SH
9699,158811,2019-03-29,600495.SH
9715,158827,2019-03-29,600512.SH
9737,158849,2019-03-29,600537.SH
9807,158919,2019-03-29,600616.SH
9816,158928,2019-03-29,600626.SH
9820,158932,2019-03-29,600633.SH
9831,158943,2019-03-29,600644.SH
9836,158948,2019-03-29,600650.SH
9840,158952,2019-03-29,600654.SH
9857,158969,2019-03-29,600676.SH
9866,158978,2019-03-29,600686.SH
9948,159060,2019-03-29,600773.SH
10007,159119,2019-03-29,600838.SH
10017,159129,2019-03-29,600851.SH
10034,159146,2019-03-29,600869.SH
10047,159159,2019-03-29,600883.SH
10053,159165,2019-03-29,600889.SH
10055,159167,2019-03-29,600891.SH
10137,159249,2019-03-29,601098.SH
10142,159254,2019-03-29,601107.SH
10149,159261,2019-03-29,601126.SH
10150,159262,2019-03-29,601127.SH
10151,159263,2019-03-29,601128.SH
10163,159275,2019-03-29,601179.SH
10169,159281,2019-03-29,601208.SH
10173,159285,2019-03-29,601218.SH
10177,159289,2019-03-29,601228.SH
10216,159328,2019-03-29,601599.SH
10243,159355,2019-03-29,601777.SH
10267,159379,2019-03-29,601886.SH
10277,159389,2019-03-29,601928.SH
10278,159390,2019-03-29,601929.SH
10281,159393,2019-03-29,601949.SH
10298,159410,2019-03-29,601999.SH
10312,159424,2019-03-29,603015.SH
10317,159429,2019-03-29,603020.SH
10320,159432,2019-03-29,603023.SH
10324,159436,2019-03-29,603028.SH
10341,159453,2019-03-29,603055.SH
10363,159475,2019-03-29,603098.SH
10365,159477,2019-03-29,603100.SH
10366,159478,2019-03-29,603101.SH
10389,159501,2019-03-29,603157.SH
10400,159512,2019-03-29,603178.SH
10401,159513,2019-03-29,603179.SH
10425,159537,2019-03-29,603227.SH
10452,159564,2019-03-29,603308.SH
10454,159566,2019-03-29,603311.SH
10544,159656,2019-03-29,603578.SH
10565,159677,2019-03-29,603608.SH
10640,159752,2019-03-29,603758.SH
10676,159788,2019-03-29,603838.SH
10685,159797,2019-03-29,603861.SH
10712,159824,2019-03-29,603906.SH
10760,159872,2019-04-30,000005.SZ
10768,159880,2019-04-30,000014.SZ
10774,159886,2019-04-30,000021.SZ
10781,159893,2019-04-30,000030.SZ
10785,159897,2019-04-30,000035.SZ
10797,159909,2019-04-30,000055.SZ
10810,159922,2019-04-30,000078.SZ
10811,159923,2019-04-30,000088.SZ
10816,159928,2019-04-30,000100.SZ
10822,159934,2019-04-30,000157.SZ
10829,159941,2019-04-30,000400.SZ
10854,159966,2019-04-30,000488.SZ
10862,159974,2019-04-30,000507.SZ
10864,159976,2019-04-30,000510.SZ
10872,159984,2019-04-30,000521.SZ
10875,159987,2019-04-30,000525.SZ
10899,160011,2019-04-30,000553.SZ
10904,160016,2019-04-30,000559.SZ
10906,160018,2019-04-30,000561.SZ
10909,160021,2019-04-30,000565.SZ
10913,160025,2019-04-30,000570.SZ
10936,160048,2019-04-30,000603.SZ
10948,160060,2019-04-30,000617.SZ
10960,160072,2019-04-30,000632.SZ
10970,160082,2019-04-30,000655.SZ
10986,160098,2019-04-30,000676.SZ
10989,160101,2019-04-30,000679.SZ
11000,160112,2019-04-30,000692.SZ
11028,160140,2019-04-30,000728.SZ
11038,160150,2019-04-30,000750.SZ
11043,160155,2019-04-30,000756.SZ
11044,160156,2019-04-30,000757.SZ
11054,160166,2019-04-30,000777.SZ
11057,160169,2019-04-30,000780.SZ
11060,160172,2019-04-30,000785.SZ
11062,160174,2019-04-30,000788.SZ
11068,160180,2019-04-30,000795.SZ
11070,160182,2019-04-30,000797.SZ
11071,160183,2019-04-30,000798.SZ
11074,160186,2019-04-30,000801.SZ
11087,160199,2019-04-30,000819.SZ
11098,160210,2019-04-30,000833.SZ
11101,160213,2019-04-30,000837.SZ
11107,160219,2019-04-30,000852.SZ
11121,160233,2019-04-30,000880.SZ
11122,160234,2019-04-30,000881.SZ
11123,160235,2019-04-30,000882.SZ
11126,160238,2019-04-30,000886.SZ
11143,160255,2019-04-30,000908.SZ
11145,160257,2019-04-30,000910.SZ
11148,160260,2019-04-30,000913.SZ
11179,160291,2019-04-30,000959.SZ
11187,160299,2019-04-30,000968.SZ
11225,160337,2019-04-30,002010.SZ
11230,160342,2019-04-30,002015.SZ
11252,160364,2019-04-30,002037.SZ
11256,160368,2019-04-30,002041.SZ
11262,160374,2019-04-30,002047.SZ
11266,160378,2019-04-30,002051.SZ
11275,160387,2019-04-30,002060.SZ
11279,160391,2019-04-30,002064.SZ
11298,160410,2019-04-30,002084.SZ
11305,160417,2019-04-30,002091.SZ
11315,160427,2019-04-30,002101.SZ
11319,160431,2019-04-30,002105.SZ
11323,160435,2019-04-30,002109.SZ
11331,160443,2019-04-30,002117.SZ
11333,160445,2019-04-30,002119.SZ
11350,160462,2019-04-30,002136.SZ
11359,160471,2019-04-30,002145.SZ
11367,160479,2019-04-30,002153.SZ
11370,160482,2019-04-30,002156.SZ
11376,160488,2019-04-30,002162.SZ
11379,160491,2019-04-30,002165.SZ
11388,160500,2019-04-30,002174.SZ
11396,160508,2019-04-30,002182.SZ
11397,160509,2019-04-30,002183.SZ
11399,160511,2019-04-30,002185.SZ
11410,160522,2019-04-30,002196.SZ
11423,160535,2019-04-30,002209.SZ
11426,160538,2019-04-30,002212.SZ
11432,160544,2019-04-30,002218.SZ
11441,160553,2019-04-30,002227.SZ
11488,160600,2019-04-30,002276.SZ
11495,160607,2019-04-30,002283.SZ
11506,160618,2019-04-30,002294.SZ
11509,160621,2019-04-30,002297.SZ
11510,160622,2019-04-30,002298.SZ
11512,160624,2019-04-30,002300.SZ
11546,160658,2019-04-30,002334.SZ
11548,160660,2019-04-30,002336.SZ
11561,160673,2019-04-30,002349.SZ
11563,160675,2019-04-30,002351.SZ
11572,160684,2019-04-30,002360.SZ
11577,160689,2019-04-30,002365.SZ
11588,160700,2019-04-30,002376.SZ
11590,160702,2019-04-30,002378.SZ
11595,160707,2019-04-30,002383.SZ
11598,160710,2019-04-30,002386.SZ
11599,160711,2019-04-30,002387.SZ
11601,160713,2019-04-30,002389.SZ
11603,160715,2019-04-30,002391.SZ
11625,160737,2019-04-30,002413.SZ
11636,160748,2019-04-30,002424.SZ
11641,160753,2019-04-30,002429.SZ
11666,160778,2019-04-30,002454.SZ
11667,160779,2019-04-30,002455.SZ
11672,160784,2019-04-30,002460.SZ
11681,160793,2019-04-30,002469.SZ
11683,160795,2019-04-30,002471.SZ
11694,160806,2019-04-30,002482.SZ
11695,160807,2019-04-30,002483.SZ
11698,160810,2019-04-30,002486.SZ
11709,160821,2019-04-30,002497.SZ
11710,160822,2019-04-30,002498.SZ
11722,160834,2019-04-30,002510.SZ
11732,160844,2019-04-30,002520.SZ
11735,160847,2019-04-30,002523.SZ
11742,160854,2019-04-30,002531.SZ
11743,160855,2019-04-30,002532.SZ
11744,160856,2019-04-30,002533.SZ
11746,160858,2019-04-30,002535.SZ
11750,160862,2019-04-30,002539.SZ
11769,160881,2019-04-30,002558.SZ
11781,160893,2019-04-30,002570.SZ
11790,160902,2019-04-30,002579.SZ
11791,160903,2019-04-30,002580.SZ
11796,160908,2019-04-30,002585.SZ
11798,160910,2019-04-30,002587.SZ
11799,160911,2019-04-30,002588.SZ
11804,160916,2019-04-30,002593.SZ
11809,160921,2019-04-30,002598.SZ
11810,160922,2019-04-30,002599.SZ
11820,160932,2019-04-30,002610.SZ
11823,160935,2019-04-30,002613.SZ
11825,160937,2019-04-30,002615.SZ
11829,160941,2019-04-30,002619.SZ
11833,160945,2019-04-30,002623.SZ
11835,160947,2019-04-30,002625.SZ
11859,160971,2019-04-30,002649.SZ
11862,160974,2019-04-30,002652.SZ
11868,160980,2019-04-30,002658.SZ
11876,160988,2019-04-30,002666.SZ
11883,160995,2019-04-30,002673.SZ
11898,161010,2019-04-30,002689.SZ
11900,161012,2019-04-30,002691.SZ
11930,161042,2019-04-30,002724.SZ
11936,161048,2019-04-30,002730.SZ
11946,161058,2019-04-30,002740.SZ
11947,161059,2019-04-30,002741.SZ
11968,161080,2019-04-30,002765.SZ
11973,161085,2019-04-30,002770.SZ
11977,161089,2019-04-30,002774.SZ
11978,161090,2019-04-30,002775.SZ
11982,161094,2019-04-30,002779.SZ
11988,161100,2019-04-30,002786.SZ
11990,161102,2019-04-30,002788.SZ
12003,161115,2019-04-30,002802.SZ
12009,161121,2019-04-30,002809.SZ
12023,161135,2019-04-30,002824.SZ
12026,161138,2019-04-30,002827.SZ
12029,161141,2019-04-30,002830.SZ
12040,161152,2019-04-30,002842.SZ
12042,161154,2019-04-30,002845.SZ
12051,161163,2019-04-30,002855.SZ
12056,161168,2019-04-30,002860.SZ
12059,161171,2019-04-30,002863.SZ
12060,161172,2019-04-30,002864.SZ
12068,161180,2019-04-30,002872.SZ
12086,161198,2019-04-30,002891.SZ
12090,161202,2019-04-30,002896.SZ
12096,161208,2019-04-30,002902.SZ
12101,161213,2019-04-30,002908.SZ
12102,161214,2019-04-30,002909.SZ
12106,161218,2019-04-30,002913.SZ
12112,161224,2019-04-30,002920.SZ
12114,161226,2019-04-30,002922.SZ
12119,161231,2019-04-30,002928.SZ
12120,161232,2019-04-30,002929.SZ
12124,161236,2019-04-30,002933.SZ
12169,161281,2019-04-30,300027.SZ
12178,161290,2019-04-30,300037.SZ
12186,161298,2019-04-30,300045.SZ
12190,161302,2019-04-30,300049.SZ
12206,161318,2019-04-30,300066.SZ
12213,161325,2019-04-30,300073.SZ
12227,161339,2019-04-30,300087.SZ
12233,161345,2019-04-30,300093.SZ
12234,161346,2019-04-30,300094.SZ
12235,161347,2019-04-30,300095.SZ
12240,161352,2019-04-30,300100.SZ
12241,161353,2019-04-30,300101.SZ
12244,161356,2019-04-30,300105.SZ
12245,161357,2019-04-30,300106.SZ
12268,161380,2019-04-30,300129.SZ
12280,161392,2019-04-30,300141.SZ
12298,161410,2019-04-30,300159.SZ
12308,161420,2019-04-30,300169.SZ
12321,161433,2019-04-30,300182.SZ
12324,161436,2019-04-30,300185.SZ
12329,161441,2019-04-30,300191.SZ
12349,161461,2019-04-30,300211.SZ
12361,161473,2019-04-30,300224.SZ
12388,161500,2019-04-30,300251.SZ
12396,161508,2019-04-30,300259.SZ
12400,161512,2019-04-30,300263.SZ
12432,161544,2019-04-30,300295.SZ
12441,161553,2019-04-30,300304.SZ
12457,161569,2019-04-30,300320.SZ
12465,161577,2019-04-30,300328.SZ
12472,161584,2019-04-30,300335.SZ
12510,161622,2019-04-30,300375.SZ
12521,161633,2019-04-30,300386.SZ
12522,161634,2019-04-30,300387.SZ
12524,161636,2019-04-30,300389.SZ
12525,161637,2019-04-30,300390.SZ
12560,161672,2019-04-30,300425.SZ
12564,161676,2019-04-30,300429.SZ
12569,161681,2019-04-30,300434.SZ
12571,161683,2019-04-30,300436.SZ
12572,161684,2019-04-30,300437.SZ
12575,161687,2019-04-30,300440.SZ
12590,161702,2019-04-30,300455.SZ
12591,161703,2019-04-30,300456.SZ
12592,161704,2019-04-30,300457.SZ
12608,161720,2019-04-30,300473.SZ
12613,161725,2019-04-30,300478.SZ
12614,161726,2019-04-30,300479.SZ
12615,161727,2019-04-30,300480.SZ
12616,161728,2019-04-30,300481.SZ
12623,161735,2019-04-30,300488.SZ
12625,161737,2019-04-30,300490.SZ
12632,161744,2019-04-30,300497.SZ
12635,161747,2019-04-30,300500.SZ
12636,161748,2019-04-30,300501.SZ
12639,161751,2019-04-30,300504.SZ
12640,161752,2019-04-30,300505.SZ
12647,161759,2019-04-30,300512.SZ
12651,161763,2019-04-30,300516.SZ
12654,161766,2019-04-30,300519.SZ
12656,161768,2019-04-30,300521.SZ
12657,161769,2019-04-30,300522.SZ
12682,161794,2019-04-30,300549.SZ
12688,161800,2019-04-30,300555.SZ
12695,161807,2019-04-30,300562.SZ
12700,161812,2019-04-30,300568.SZ
12707,161819,2019-04-30,300576.SZ
12711,161823,2019-04-30,300580.SZ
12712,161824,2019-04-30,300581.SZ
12714,161826,2019-04-30,300583.SZ
12716,161828,2019-04-30,300585.SZ
12730,161842,2019-04-30,300600.SZ
12740,161852,2019-04-30,300610.SZ
12741,161853,2019-04-30,300611.SZ
12748,161860,2019-04-30,300619.SZ
12758,161870,2019-04-30,300629.SZ
12760,161872,2019-04-30,300631.SZ
12780,161892,2019-04-30,300652.SZ
12783,161895,2019-04-30,300655.SZ
12784,161896,2019-04-30,300656.SZ
12793,161905,2019-04-30,300665.SZ
12801,161913,2019-04-30,300673.SZ
12820,161932,2019-04-30,300692.SZ
12821,161933,2019-04-30,300693.SZ
12823,161935,2019-04-30,300695.SZ
12832,161944,2019-04-30,300705.SZ
12834,161946,2019-04-30,300707.SZ
12839,161951,2019-04-30,300712.SZ
12842,161954,2019-04-30,300716.SZ
12843,161955,2019-04-30,300717.SZ
12846,161958,2019-04-30,300720.SZ
12852,161964,2019-04-30,300726.SZ
12857,161969,2019-04-30,300732.SZ
12860,161972,2019-04-30,300736.SZ
12868,161980,2019-04-30,300745.SZ
12937,162049,2019-04-30,600060.SH
12942,162054,2019-04-30,600066.SH
12945,162057,2019-04-30,600069.SH
12953,162065,2019-04-30,600078.SH
12965,162077,2019-04-30,600091.SH
12975,162087,2019-04-30,600103.SH
12983,162095,2019-04-30,600111.SH
13000,162112,2019-04-30,600129.SH
13014,162126,2019-04-30,600148.SH
13041,162153,2019-04-30,600178.SH
13047,162159,2019-04-30,600185.SH
13052,162164,2019-04-30,600190.SH
13094,162206,2019-04-30,600237.SH
13101,162213,2019-04-30,600246.SH
13121,162233,2019-04-30,600271.SH
13122,162234,2019-04-30,600272.SH
13128,162240,2019-04-30,600279.SH
13140,162252,2019-04-30,600292.SH
13141,162253,2019-04-30,600293.SH
13145,162257,2019-04-30,600299.SH
13146,162258,2019-04-30,600300.SH
13148,162260,2019-04-30,600302.SH
13158,162270,2019-04-30,600313.SH
13162,162274,2019-04-30,600318.SH
13164,162276,2019-04-30,600320.SH
13165,162277,2019-04-30,600321.SH
13169,162281,2019-04-30,600326.SH
13173,162285,2019-04-30,600330.SH
13183,162295,2019-04-30,600343.SH
13188,162300,2019-04-30,600351.SH
13196,162308,2019-04-30,600360.SH
13199,162311,2019-04-30,600363.SH
13219,162331,2019-04-30,600386.SH
13229,162341,2019-04-30,600397.SH
13232,162344,2019-04-30,600400.SH
13233,162345,2019-04-30,600403.SH
13245,162357,2019-04-30,600422.SH
13270,162382,2019-04-30,600467.SH
13280,162392,2019-04-30,600481.SH
13286,162398,2019-04-30,600488.SH
13291,162403,2019-04-30,600495.SH
13295,162407,2019-04-30,600499.SH
13304,162416,2019-04-30,600509.SH
13308,162420,2019-04-30,600513.SH
13329,162441,2019-04-30,600537.SH
13333,162445,2019-04-30,600543.SH
13341,162453,2019-04-30,600552.SH
13348,162460,2019-04-30,600561.SH
13389,162501,2019-04-30,600605.SH
13396,162508,2019-04-30,600613.SH
13399,162511,2019-04-30,600616.SH
13431,162543,2019-04-30,600653.SH
13449,162561,2019-04-30,600676.SH
13458,162570,2019-04-30,600686.SH
13478,162590,2019-04-30,600707.SH
13489,162601,2019-04-30,600719.SH
13491,162603,2019-04-30,600721.SH
13492,162604,2019-04-30,600722.SH
13514,162626,2019-04-30,600744.SH
13540,162652,2019-04-30,600773.SH
13553,162665,2019-04-30,600787.SH
13561,162673,2019-04-30,600796.SH
13563,162675,2019-04-30,600798.SH
13575,162687,2019-04-30,600812.SH
13592,162704,2019-04-30,600830.SH
13594,162706,2019-04-30,600833.SH
13597,162709,2019-04-30,600836.SH
13600,162712,2019-04-30,600839.SH
13603,162715,2019-04-30,600844.SH
13608,162720,2019-04-30,600850.SH
13614,162726,2019-04-30,600857.SH
13626,162738,2019-04-30,600869.SH
13636,162748,2019-04-30,600880.SH
13637,162749,2019-04-30,600881.SH
13640,162752,2019-04-30,600884.SH
13660,162772,2019-04-30,600917.SH
13664,162776,2019-04-30,600929.SH
13666,162778,2019-04-30,600936.SH
13667,162779,2019-04-30,600939.SH
13677,162789,2019-04-30,600969.SH
13680,162792,2019-04-30,600973.SH
13682,162794,2019-04-30,600976.SH
13696,162808,2019-04-30,600992.SH
13698,162810,2019-04-30,600995.SH
13705,162817,2019-04-30,601002.SH
13707,162819,2019-04-30,601005.SH
13715,162827,2019-04-30,601015.SH
13721,162833,2019-04-30,601028.SH
13722,162834,2019-04-30,601038.SH
13727,162839,2019-04-30,601086.SH
13733,162845,2019-04-30,601106.SH
13734,162846,2019-04-30,601107.SH
13741,162853,2019-04-30,601126.SH
13743,162855,2019-04-30,601128.SH
13761,162873,2019-04-30,601208.SH
13764,162876,2019-04-30,601216.SH
13765,162877,2019-04-30,601218.SH
13768,162880,2019-04-30,601226.SH
13777,162889,2019-04-30,601311.SH
13780,162892,2019-04-30,601326.SH
13791,162903,2019-04-30,601377.SH
13796,162908,2019-04-30,601515.SH
13808,162920,2019-04-30,601599.SH
13814,162926,2019-04-30,601611.SH
13825,162937,2019-04-30,601677.SH
13832,162944,2019-04-30,601718.SH
13838,162950,2019-04-30,601798.SH
13856,162968,2019-04-30,601880.SH
13859,162971,2019-04-30,601886.SH
13870,162982,2019-04-30,601929.SH
13876,162988,2019-04-30,601965.SH
13890,163002,2019-04-30,601999.SH
13893,163005,2019-04-30,603002.SH
13903,163015,2019-04-30,603013.SH
13911,163023,2019-04-30,603022.SH
13923,163035,2019-04-30,603036.SH
13932,163044,2019-04-30,603050.SH
13935,163047,2019-04-30,603058.SH
13939,163051,2019-04-30,603066.SH
13940,163052,2019-04-30,603067.SH
13945,163057,2019-04-30,603078.SH
13954,163066,2019-04-30,603090.SH
13956,163068,2019-04-30,603098.SH
13957,163069,2019-04-30,603099.SH
13960,163072,2019-04-30,603103.SH
13977,163089,2019-04-30,603133.SH
13979,163091,2019-04-30,603138.SH
13983,163095,2019-04-30,603158.SH
13992,163104,2019-04-30,603177.SH
13994,163106,2019-04-30,603179.SH
13997,163109,2019-04-30,603183.SH
14001,163113,2019-04-30,603188.SH
14003,163115,2019-04-30,603192.SH
14004,163116,2019-04-30,603196.SH
14011,163123,2019-04-30,603214.SH
14018,163130,2019-04-30,603227.SH
14049,163161,2019-04-30,603315.SH
14050,163162,2019-04-30,603316.SH
14065,163177,2019-04-30,603335.SH
14069,163181,2019-04-30,603339.SH
14071,163183,2019-04-30,603348.SH
14104,163216,2019-04-30,603458.SH
14105,163217,2019-04-30,603466.SH
14108,163220,2019-04-30,603488.SH
14126,163238,2019-04-30,603535.SH
14133,163245,2019-04-30,603559.SH
14150,163262,2019-04-30,603596.SH
14152,163264,2019-04-30,603599.SH
14156,163268,2019-04-30,603603.SH
14159,163271,2019-04-30,603607.SH
14160,163272,2019-04-30,603608.SH
14165,163277,2019-04-30,603616.SH
14167,163279,2019-04-30,603618.SH
14169,163281,2019-04-30,603626.SH
14174,163286,2019-04-30,603636.SH
14177,163289,2019-04-30,603639.SH
14182,163294,2019-04-30,603657.SH
14185,163297,2019-04-30,603660.SH
14187,163299,2019-04-30,603663.SH
14191,163303,2019-04-30,603668.SH
14197,163309,2019-04-30,603680.SH
14199,163311,2019-04-30,603683.SH
14205,163317,2019-04-30,603693.SH
14212,163324,2019-04-30,603706.SH
14220,163332,2019-04-30,603717.SH
14223,163335,2019-04-30,603722.SH
14227,163339,2019-04-30,603728.SH
14237,163349,2019-04-30,603767.SH
14238,163350,2019-04-30,603768.SH
14244,163356,2019-04-30,603787.SH
14260,163372,2019-04-30,603816.SH
14266,163378,2019-04-30,603825.SH
14271,163383,2019-04-30,603838.SH
14273,163385,2019-04-30,603843.SH
14279,163391,2019-04-30,603860.SH
14285,163397,2019-04-30,603876.SH
14286,163398,2019-04-30,603877.SH
14301,163413,2019-04-30,603897.SH
14310,163422,2019-04-30,603912.SH
14317,163429,2019-04-30,603926.SH
14319,163431,2019-04-30,603929.SH
14323,163435,2019-04-30,603938.SH
14337,163449,2019-04-30,603977.SH
14338,163450,2019-04-30,603978.SH
14339,163451,2019-04-30,603979.SH
14341,163453,2019-04-30,603985.SH
14352,163464,2019-04-30,603999.SH
14356,163468,2019-05-31,000005.SZ
14397,163509,2019-05-31,000060.SZ
14430,163542,2019-05-31,000407.SZ
14470,163582,2019-05-31,000525.SZ
14526,163638,2019-05-31,000597.SZ
14552,163664,2019-05-31,000629.SZ
14581,163693,2019-05-31,000676.SZ
14585,163697,2019-05-31,000680.SZ
14614,163726,2019-05-31,000717.SZ
14667,163779,2019-05-31,000798.SZ
14694,163806,2019-05-31,000833.SZ
14725,163837,2019-05-31,000889.SZ
14744,163856,2019-05-31,000913.SZ
14760,163872,2019-05-31,000932.SZ
14811,163923,2019-05-31,001979.SZ
14848,163960,2019-05-31,002037.SZ
14855,163967,2019-05-31,002044.SZ
14895,164007,2019-05-31,002084.SZ
14905,164017,2019-05-31,002094.SZ
14947,164059,2019-05-31,002136.SZ
14993,164105,2019-05-31,002182.SZ
15169,164281,2019-05-31,002360.SZ
15171,164283,2019-05-31,002362.SZ
15174,164286,2019-05-31,002365.SZ
15198,164310,2019-05-31,002389.SZ
15222,164334,2019-05-31,002413.SZ
15225,164337,2019-05-31,002416.SZ
15248,164360,2019-05-31,002439.SZ
15289,164401,2019-05-31,002480.SZ
15329,164441,2019-05-31,002520.SZ
15344,164456,2019-05-31,002536.SZ
15361,164473,2019-05-31,002553.SZ
15405,164517,2019-05-31,002597.SZ
15461,164573,2019-05-31,002654.SZ
15494,164606,2019-05-31,002688.SZ
15503,164615,2019-05-31,002697.SZ
15512,164624,2019-05-31,002707.SZ
15540,164652,2019-05-31,002737.SZ
15551,164663,2019-05-31,002749.SZ
15571,164683,2019-05-31,002771.SZ
15623,164735,2019-05-31,002827.SZ
15656,164768,2019-05-31,002863.SZ
15657,164769,2019-05-31,002864.SZ
15669,164781,2019-05-31,002877.SZ
15681,164793,2019-05-31,002889.SZ
15687,164799,2019-05-31,002896.SZ
15692,164804,2019-05-31,002901.SZ
15701,164813,2019-05-31,002911.SZ
15703,164815,2019-05-31,002913.SZ
15709,164821,2019-05-31,002920.SZ
15750,164862,2019-05-31,300009.SZ
15859,164971,2019-05-31,300121.SZ
15862,164974,2019-05-31,300124.SZ
15875,164987,2019-05-31,300137.SZ
15897,165009,2019-05-31,300159.SZ
15963,165075,2019-05-31,300227.SZ
16020,165132,2019-05-31,300284.SZ
16098,165210,2019-05-31,300363.SZ
16099,165211,2019-05-31,300364.SZ
16115,165227,2019-05-31,300381.SZ
16132,165244,2019-05-31,300398.SZ
16149,165261,2019-05-31,300415.SZ
16171,165283,2019-05-31,300437.SZ
16176,165288,2019-05-31,300442.SZ
16237,165349,2019-05-31,300503.SZ
16239,165351,2019-05-31,300505.SZ
16261,165373,2019-05-31,300528.SZ
16315,165427,2019-05-31,300585.SZ
16336,165448,2019-05-31,300607.SZ
16370,165482,2019-05-31,300642.SZ
16400,165512,2019-05-31,300673.SZ
16416,165528,2019-05-31,300689.SZ
16433,165545,2019-05-31,300707.SZ
16446,165558,2019-05-31,300721.SZ
16447,165559,2019-05-31,300722.SZ
16456,165568,2019-05-31,300732.SZ
16469,165581,2019-05-31,300747.SZ
16540,165652,2019-05-31,600058.SH
16557,165669,2019-05-31,600077.SH
16591,165703,2019-05-31,600114.SH
16644,165756,2019-05-31,600176.SH
16667,165779,2019-05-31,600201.SH
16695,165807,2019-05-31,600233.SH
16749,165861,2019-05-31,600298.SH
16774,165886,2019-05-31,600326.SH
16781,165893,2019-05-31,600333.SH
16799,165911,2019-05-31,600358.SH
16819,165931,2019-05-31,600380.SH
16854,165966,2019-05-31,600426.SH
16861,165973,2019-05-31,600439.SH
16901,166013,2019-05-31,600499.SH
16915,166027,2019-05-31,600515.SH
16984,166096,2019-05-31,600594.SH
17027,166139,2019-05-31,600642.SH
17034,166146,2019-05-31,600650.SH
17068,166180,2019-05-31,600690.SH
17087,166199,2019-05-31,600711.SH
17167,166279,2019-05-31,600796.SH
17172,166284,2019-05-31,600802.SH
17205,166317,2019-05-31,600838.SH
17215,166327,2019-05-31,600851.SH
17239,166351,2019-05-31,600876.SH
17242,166354,2019-05-31,600880.SH
17247,166359,2019-05-31,600885.SH
17276,166388,2019-05-31,600960.SH
17277,166389,2019-05-31,600961.SH
17311,166423,2019-05-31,601001.SH
17320,166432,2019-05-31,601011.SH
17322,166434,2019-05-31,601015.SH
17334,166446,2019-05-31,601086.SH
17350,166462,2019-05-31,601128.SH
17366,166478,2019-05-31,601199.SH
17402,166514,2019-05-31,601500.SH
17411,166523,2019-05-31,601579.SH
17459,166571,2019-05-31,601869.SH
17517,166629,2019-05-31,603021.SH
17593,166705,2019-05-31,603161.SH
17603,166715,2019-05-31,603181.SH
17610,166722,2019-05-31,603192.SH
17618,166730,2019-05-31,603214.SH
17634,166746,2019-05-31,603260.SH
17649,166761,2019-05-31,603301.SH
17670,166782,2019-05-31,603330.SH
17683,166795,2019-05-31,603356.SH
17686,166798,2019-05-31,603359.SH
17697,166809,2019-05-31,603380.SH
17732,166844,2019-05-31,603527.SH
17743,166855,2019-05-31,603566.SH
17749,166861,2019-05-31,603579.SH
17768,166880,2019-05-31,603607.SH
17782,166894,2019-05-31,603633.SH
17789,166901,2019-05-31,603655.SH
17793,166905,2019-05-31,603659.SH
17794,166906,2019-05-31,603660.SH
17796,166908,2019-05-31,603663.SH
17814,166926,2019-05-31,603693.SH
17837,166949,2019-05-31,603728.SH
17867,166979,2019-05-31,603810.SH
17876,166988,2019-05-31,603825.SH
17892,167004,2019-05-31,603868.SH
17896,167008,2019-05-31,603877.SH
17903,167015,2019-05-31,603885.SH
17911,167023,2019-05-31,603897.SH
17916,167028,2019-05-31,603903.SH
17959,167071,2019-05-31,603993.SH
17971,167083,2019-06-28,000009.SZ
18022,167134,2019-06-28,000099.SZ
18045,167157,2019-06-28,000411.SZ
18057,167169,2019-06-28,000428.SZ
18119,167231,2019-06-28,000570.SZ
18224,167336,2019-06-28,000717.SZ
18372,167484,2019-06-28,000935.SZ
18458,167570,2019-06-28,002037.SZ
18579,167691,2019-06-28,002159.SZ
18580,167692,2019-06-28,002160.SZ
18629,167741,2019-06-28,002209.SZ
18632,167744,2019-06-28,002212.SZ
18643,167755,2019-06-28,002223.SZ
18680,167792,2019-06-28,002262.SZ
18691,167803,2019-06-28,002273.SZ
18712,167824,2019-06-28,002294.SZ
18728,167840,2019-06-28,002310.SZ
18744,167856,2019-06-28,002326.SZ
18758,167870,2019-06-28,002340.SZ
18780,167892,2019-06-28,002362.SZ
18807,167919,2019-06-28,002389.SZ
18908,168020,2019-06-28,002490.SZ
18953,168065,2019-06-28,002536.SZ
19000,168112,2019-06-28,002583.SZ
19004,168116,2019-06-28,002587.SZ
19005,168117,2019-06-28,002588.SZ
19062,168174,2019-06-28,002646.SZ
19108,168220,2019-06-28,002693.SZ
19158,168270,2019-06-28,002747.SZ
19174,168286,2019-06-28,002765.SZ
19193,168305,2019-06-28,002785.SZ
19212,168324,2019-06-28,002806.SZ
19228,168340,2019-06-28,002823.SZ
19234,168346,2019-06-28,002829.SZ
19256,168368,2019-06-28,002853.SZ
19258,168370,2019-06-28,002856.SZ
19266,168378,2019-06-28,002864.SZ
19274,168386,2019-06-28,002872.SZ
19280,168392,2019-06-28,002879.SZ
19291,168403,2019-06-28,002890.SZ
19292,168404,2019-06-28,002891.SZ
19296,168408,2019-06-28,002896.SZ
19378,168490,2019-06-28,300027.SZ
19399,168511,2019-06-28,300049.SZ
19419,168531,2019-06-28,300070.SZ
19497,168609,2019-06-28,300149.SZ
19505,168617,2019-06-28,300157.SZ
19514,168626,2019-06-28,300166.SZ
19533,168645,2019-06-28,300185.SZ
19564,168676,2019-06-28,300218.SZ
19581,168693,2019-06-28,300235.SZ
19618,168730,2019-06-28,300272.SZ
19629,168741,2019-06-28,300283.SZ
19632,168744,2019-06-28,300286.SZ
19660,168772,2019-06-28,300314.SZ
19673,168785,2019-06-28,300327.SZ
19708,168820,2019-06-28,300363.SZ
19714,168826,2019-06-28,300369.SZ
19725,168837,2019-06-28,300381.SZ
19730,168842,2019-06-28,300386.SZ
19747,168859,2019-06-28,300403.SZ
19760,168872,2019-06-28,300416.SZ
19765,168877,2019-06-28,300421.SZ
19778,168890,2019-06-28,300434.SZ
19821,168933,2019-06-28,300477.SZ
19844,168956,2019-06-28,300500.SZ
19845,168957,2019-06-28,300501.SZ
19849,168961,2019-06-28,300505.SZ
19854,168966,2019-06-28,300510.SZ
19865,168977,2019-06-28,300521.SZ
19910,169022,2019-06-28,300569.SZ
19923,169035,2019-06-28,300583.SZ
19931,169043,2019-06-28,300591.SZ
19932,169044,2019-06-28,300592.SZ
19950,169062,2019-06-28,300610.SZ
19965,169077,2019-06-28,300626.SZ
20003,169115,2019-06-28,300665.SZ
20068,169180,2019-06-28,300733.SZ
20165,169277,2019-06-28,600071.SH
20168,169280,2019-06-28,600075.SH
20197,169309,2019-06-28,600107.SH
20259,169371,2019-06-28,600178.SH
20308,169420,2019-06-28,600233.SH
20312,169424,2019-06-28,600237.SH
20382,169494,2019-06-28,600320.SH
20397,169509,2019-06-28,600337.SH
20412,169524,2019-06-28,600358.SH
20439,169551,2019-06-28,600388.SH
20492,169604,2019-06-28,600475.SH
20499,169611,2019-06-28,600482.SH
20533,169645,2019-06-28,600521.SH
20565,169677,2019-06-28,600560.SH
20575,169687,2019-06-28,600571.SH
20607,169719,2019-06-28,600605.SH
20770,169882,2019-06-28,600787.SH
20803,169915,2019-06-28,600824.SH
20825,169937,2019-06-28,600850.SH
20856,169968,2019-06-28,600883.SH
20901,170013,2019-06-28,600977.SH
20988,170100,2019-06-28,601228.SH
21094,170206,2019-06-28,601952.SH
21143,170255,2019-06-28,603036.SH
21152,170264,2019-06-28,603050.SH
21231,170343,2019-06-28,603214.SH
21239,170351,2019-06-28,603227.SH
21263,170375,2019-06-28,603301.SH
21303,170415,2019-06-28,603365.SH
21316,170428,2019-06-28,603388.SH
21321,170433,2019-06-28,603399.SH
21358,170470,2019-06-28,603567.SH
21397,170509,2019-06-28,603636.SH
21407,170519,2019-06-28,603659.SH
21414,170526,2019-06-28,603668.SH
21422,170534,2019-06-28,603683.SH
21451,170563,2019-06-28,603728.SH
21487,170599,2019-06-28,603819.SH
21500,170612,2019-06-28,603856.SH
21515,170627,2019-06-28,603880.SH
21530,170642,2019-06-28,603900.SH
21573,170685,2019-06-28,603989.SH
21584,170696,2019-07-31,000005.SZ
21627,170739,2019-07-31,000062.SZ
21677,170789,2019-07-31,000488.SZ
21740,170852,2019-07-31,000576.SZ
21790,170902,2019-07-31,000650.SZ
21793,170905,2019-07-31,000655.SZ
21811,170923,2019-07-31,000678.SZ
21818,170930,2019-07-31,000686.SZ
21830,170942,2019-07-31,000703.SZ
21853,170965,2019-07-31,000731.SZ
21859,170971,2019-07-31,000738.SZ
21861,170973,2019-07-31,000750.SZ
21867,170979,2019-07-31,000757.SZ
21873,170985,2019-07-31,000766.SZ
21887,170999,2019-07-31,000790.SZ
21921,171033,2019-07-31,000833.SZ
21927,171039,2019-07-31,000848.SZ
21937,171049,2019-07-31,000863.SZ
21966,171078,2019-07-31,000908.SZ
21972,171084,2019-07-31,000915.SZ
22057,171169,2019-07-31,002019.SZ
22073,171185,2019-07-31,002035.SZ
22088,171200,2019-07-31,002050.SZ
22104,171216,2019-07-31,002066.SZ
22111,171223,2019-07-31,002074.SZ
22136,171248,2019-07-31,002099.SZ
22146,171258,2019-07-31,002109.SZ
22154,171266,2019-07-31,002117.SZ
22173,171285,2019-07-31,002136.SZ
22182,171294,2019-07-31,002145.SZ
22187,171299,2019-07-31,002150.SZ
22196,171308,2019-07-31,002159.SZ
22210,171322,2019-07-31,002173.SZ
22232,171344,2019-07-31,002195.SZ
22233,171345,2019-07-31,002196.SZ
22262,171374,2019-07-31,002225.SZ
22300,171412,2019-07-31,002265.SZ
22311,171423,2019-07-31,002276.SZ
22335,171447,2019-07-31,002300.SZ
22347,171459,2019-07-31,002312.SZ
22355,171467,2019-07-31,002320.SZ
22400,171512,2019-07-31,002365.SZ
22403,171515,2019-07-31,002368.SZ
22408,171520,2019-07-31,002373.SZ
22411,171523,2019-07-31,002376.SZ
22416,171528,2019-07-31,002381.SZ
22418,171530,2019-07-31,002383.SZ
22515,171627,2019-07-31,002480.SZ
22548,171660,2019-07-31,002513.SZ
22622,171734,2019-07-31,002588.SZ
22647,171759,2019-07-31,002614.SZ
22648,171760,2019-07-31,002615.SZ
22699,171811,2019-07-31,002666.SZ
22700,171812,2019-07-31,002667.SZ
22714,171826,2019-07-31,002682.SZ
22731,171843,2019-07-31,002699.SZ
22753,171865,2019-07-31,002724.SZ
22776,171888,2019-07-31,002748.SZ
22781,171893,2019-07-31,002753.SZ
22793,171905,2019-07-31,002767.SZ
22795,171907,2019-07-31,002769.SZ
22812,171924,2019-07-31,002787.SZ
22821,171933,2019-07-31,002797.SZ
22829,171941,2019-07-31,002806.SZ
22834,171946,2019-07-31,002811.SZ
22849,171961,2019-07-31,002827.SZ
22873,171985,2019-07-31,002853.SZ
22875,171987,2019-07-31,002856.SZ
22882,171994,2019-07-31,002863.SZ
22883,171995,2019-07-31,002864.SZ
22923,172035,2019-07-31,002907.SZ
22933,172045,2019-07-31,002918.SZ
23017,172129,2019-07-31,300049.SZ
23019,172131,2019-07-31,300051.SZ
23039,172151,2019-07-31,300072.SZ
23051,172163,2019-07-31,300084.SZ
23065,172177,2019-07-31,300098.SZ
23066,172178,2019-07-31,300099.SZ
23067,172179,2019-07-31,300100.SZ
23087,172199,2019-07-31,300121.SZ
23095,172207,2019-07-31,300129.SZ
23103,172215,2019-07-31,300137.SZ
23132,172244,2019-07-31,300166.SZ
23135,172247,2019-07-31,300169.SZ
23143,172255,2019-07-31,300177.SZ
23151,172263,2019-07-31,300185.SZ
23155,172267,2019-07-31,300190.SZ
23174,172286,2019-07-31,300209.SZ
23186,172298,2019-07-31,300222.SZ
23203,172315,2019-07-31,300239.SZ
23210,172322,2019-07-31,300246.SZ
23225,172337,2019-07-31,300261.SZ
23261,172373,2019-07-31,300297.SZ
23262,172374,2019-07-31,300298.SZ
23275,172387,2019-07-31,300311.SZ
23282,172394,2019-07-31,300318.SZ
23299,172411,2019-07-31,300335.SZ
23337,172449,2019-07-31,300375.SZ
23341,172453,2019-07-31,300379.SZ
23347,172459,2019-07-31,300385.SZ
23349,172461,2019-07-31,300387.SZ
23358,172470,2019-07-31,300396.SZ
23365,172477,2019-07-31,300403.SZ
23394,172506,2019-07-31,300432.SZ
23410,172522,2019-07-31,300448.SZ
23415,172527,2019-07-31,300453.SZ
23451,172563,2019-07-31,300489.SZ
23452,172564,2019-07-31,300490.SZ
23463,172575,2019-07-31,300501.SZ
23467,172579,2019-07-31,300505.SZ
23516,172628,2019-07-31,300556.SZ
23522,172634,2019-07-31,300562.SZ
23558,172670,2019-07-31,300600.SZ
23568,172680,2019-07-31,300610.SZ
23591,172703,2019-07-31,300634.SZ
23594,172706,2019-07-31,300637.SZ
23601,172713,2019-07-31,300644.SZ
23610,172722,2019-07-31,300654.SZ
23633,172745,2019-07-31,300677.SZ
23662,172774,2019-07-31,300707.SZ
23669,172781,2019-07-31,300715.SZ
23672,172784,2019-07-31,300718.SZ
23674,172786,2019-07-31,300720.SZ
23677,172789,2019-07-31,300723.SZ
23681,172793,2019-07-31,300727.SZ
23696,172808,2019-07-31,300745.SZ
23697,172809,2019-07-31,300746.SZ
23737,172849,2019-07-31,600006.SH
23825,172937,2019-07-31,600113.SH
23840,172952,2019-07-31,600129.SH
23858,172970,2019-07-31,600152.SH
23870,172982,2019-07-31,600166.SH
23881,172993,2019-07-31,600178.SH
23911,173023,2019-07-31,600212.SH
23950,173062,2019-07-31,600257.SH
23968,173080,2019-07-31,600279.SH
23970,173082,2019-07-31,600281.SH
23972,173084,2019-07-31,600283.SH
23980,173092,2019-07-31,600292.SH
23981,173093,2019-07-31,600293.SH
24043,173155,2019-07-31,600368.SH
24130,173242,2019-07-31,600493.SH
24139,173251,2019-07-31,600503.SH
24179,173291,2019-07-31,600550.SH
24238,173350,2019-07-31,600616.SH
24243,173355,2019-07-31,600621.SH
24258,173370,2019-07-31,600640.SH
24270,173382,2019-07-31,600653.SH
24297,173409,2019-07-31,600686.SH
24353,173465,2019-07-31,600744.SH
24356,173468,2019-07-31,600747.SH
24383,173495,2019-07-31,600777.SH
24475,173587,2019-07-31,600880.SH
24503,173615,2019-07-31,600929.SH
24504,173616,2019-07-31,600933.SH
24537,173649,2019-07-31,600992.SH
24576,173688,2019-07-31,601108.SH
24662,173774,2019-07-31,601633.SH
24752,173864,2019-07-31,603020.SH
24759,173871,2019-07-31,603028.SH
24766,173878,2019-07-31,603036.SH
24775,173887,2019-07-31,603050.SH
24827,173939,2019-07-31,603159.SH
24846,173958,2019-07-31,603192.SH
24848,173960,2019-07-31,603197.SH
24859,173971,2019-07-31,603223.SH
24889,174001,2019-07-31,603301.SH
24902,174014,2019-07-31,603320.SH
24914,174026,2019-07-31,603335.SH
24916,174028,2019-07-31,603337.SH
24955,174067,2019-07-31,603477.SH
24966,174078,2019-07-31,603515.SH
24988,174100,2019-07-31,603578.SH
25005,174117,2019-07-31,603603.SH
25008,174120,2019-07-31,603607.SH
25024,174136,2019-07-31,603636.SH
25027,174139,2019-07-31,603639.SH
25041,174153,2019-07-31,603668.SH
25047,174159,2019-07-31,603680.SH
25051,174163,2019-07-31,603686.SH
25059,174171,2019-07-31,603698.SH
25072,174184,2019-07-31,603717.SH
25076,174188,2019-07-31,603725.SH
25077,174189,2019-07-31,603726.SH
25112,174224,2019-07-31,603816.SH
25113,174225,2019-07-31,603817.SH
25114,174226,2019-07-31,603818.SH
25119,174231,2019-07-31,603826.SH
25137,174249,2019-07-31,603869.SH
25160,174272,2019-07-31,603903.SH
25169,174281,2019-07-31,603919.SH
25185,174297,2019-07-31,603963.SH
25190,174302,2019-07-31,603970.SH
25194,174306,2019-07-31,603979.SH
25209,174321,2019-07-31,603999.SH
25269,174381,2019-08-30,000042.SZ
25308,174420,2019-08-30,000401.SZ
25325,174437,2019-08-30,000423.SZ
25352,174464,2019-08-30,000525.SZ
25422,174534,2019-08-30,000613.SZ
25449,174561,2019-08-30,000657.SZ
25450,174562,2019-08-30,000659.SZ
25455,174567,2019-08-30,000666.SZ
25489,174601,2019-08-30,000710.SZ
25542,174654,2019-08-30,000791.SZ
25575,174687,2019-08-30,000833.SZ
25582,174694,2019-08-30,000850.SZ
25591,174703,2019-08-30,000863.SZ
25608,174720,2019-08-30,000892.SZ
25698,174810,2019-08-30,002006.SZ
25738,174850,2019-08-30,002046.SZ
25745,174857,2019-08-30,002053.SZ
25747,174859,2019-08-30,002055.SZ
25748,174860,2019-08-30,002056.SZ
25762,174874,2019-08-30,002071.SZ
25782,174894,2019-08-30,002091.SZ
25783,174895,2019-08-30,002092.SZ
25805,174917,2019-08-30,002114.SZ
25887,174999,2019-08-30,002196.SZ
25902,175014,2019-08-30,002211.SZ
25914,175026,2019-08-30,002223.SZ
25915,175027,2019-08-30,002224.SZ
25961,175073,2019-08-30,002272.SZ
26015,175127,2019-08-30,002326.SZ
26025,175137,2019-08-30,002336.SZ
26038,175150,2019-08-30,002349.SZ
26054,175166,2019-08-30,002365.SZ
26100,175212,2019-08-30,002411.SZ
26124,175236,2019-08-30,002435.SZ
26143,175255,2019-08-30,002454.SZ
26197,175309,2019-08-30,002508.SZ
26231,175343,2019-08-30,002543.SZ
26348,175460,2019-08-30,002661.SZ
26402,175514,2019-08-30,002718.SZ
26458,175570,2019-08-30,002778.SZ
26481,175593,2019-08-30,002803.SZ
26492,175604,2019-08-30,002816.SZ
26496,175608,2019-08-30,002820.SZ
26500,175612,2019-08-30,002824.SZ
26505,175617,2019-08-30,002829.SZ
26549,175661,2019-08-30,002877.SZ
26567,175679,2019-08-30,002896.SZ
26571,175683,2019-08-30,002900.SZ
26590,175702,2019-08-30,002921.SZ
26657,175769,2019-08-30,300031.SZ
26675,175787,2019-08-30,300049.SZ
26709,175821,2019-08-30,300084.SZ
26711,175823,2019-08-30,300086.SZ
26801,175913,2019-08-30,300177.SZ
26827,175939,2019-08-30,300204.SZ
26865,175977,2019-08-30,300243.SZ
26883,175995,2019-08-30,300261.SZ
26910,176022,2019-08-30,300288.SZ
26957,176069,2019-08-30,300335.SZ
26971,176083,2019-08-30,300349.SZ
26995,176107,2019-08-30,300375.SZ
27068,176180,2019-08-30,300448.SZ
27104,176216,2019-08-30,300484.SZ
27165,176277,2019-08-30,300547.SZ
27198,176310,2019-08-30,300582.SZ
27242,176354,2019-08-30,300627.SZ
27260,176372,2019-08-30,300645.SZ
27339,176451,2019-08-30,300727.SZ
27340,176452,2019-08-30,300729.SZ
27343,176455,2019-08-30,300732.SZ
27675,176787,2019-08-30,600332.SH
27682,176794,2019-08-30,600340.SH
27690,176802,2019-08-30,600353.SH
27715,176827,2019-08-30,600381.SH
27769,176881,2019-08-30,600466.SH
27814,176926,2019-08-30,600520.SH
27823,176935,2019-08-30,600530.SH
27838,176950,2019-08-30,600549.SH
27875,176987,2019-08-30,600590.SH
27999,177111,2019-08-30,600730.SH
28084,177196,2019-08-30,600823.SH
28173,177285,2019-08-30,600965.SH
28191,177303,2019-08-30,600985.SH
28222,177334,2019-08-30,601028.SH
28332,177444,2019-08-30,601699.SH
28377,177489,2019-08-30,601952.SH
28379,177491,2019-08-30,601965.SH
28421,177533,2019-08-30,603030.SH
28443,177555,2019-08-30,603067.SH
28499,177611,2019-08-30,603179.SH
28502,177614,2019-08-30,603183.SH
28551,177663,2019-08-30,603301.SH
28578,177690,2019-08-30,603337.SH
28587,177699,2019-08-30,603358.SH
28593,177705,2019-08-30,603367.SH
28657,177769,2019-08-30,603587.SH
28707,177819,2019-08-30,603676.SH
28708,177820,2019-08-30,603677.SH
28723,177835,2019-08-30,603698.SH
28734,177846,2019-08-30,603713.SH
28741,177853,2019-08-30,603726.SH
28774,177886,2019-08-30,603810.SH
28778,177890,2019-08-30,603817.SH
28802,177914,2019-08-30,603869.SH
28806,177918,2019-08-30,603878.SH
28808,177920,2019-08-30,603880.SH
28823,177935,2019-08-30,603900.SH
28831,177943,2019-08-30,603916.SH
28834,177946,2019-08-30,603919.SH
28837,177949,2019-08-30,603926.SH
28859,177971,2019-08-30,603979.SH
28913,178025,2019-09-30,000011.SZ
28920,178032,2019-09-30,000020.SZ
28932,178044,2019-09-30,000035.SZ
28934,178046,2019-09-30,000037.SZ
29016,178128,2019-09-30,000519.SZ
29037,178149,2019-09-30,000544.SZ
29049,178161,2019-09-30,000558.SZ
29074,178186,2019-09-30,000593.SZ
29091,178203,2019-09-30,000613.SZ
29138,178250,2019-09-30,000682.SZ
29146,178258,2019-09-30,000692.SZ
29147,178259,2019-09-30,000695.SZ
29149,178261,2019-09-30,000698.SZ
29158,178270,2019-09-30,000710.SZ
29178,178290,2019-09-30,000733.SZ
29180,178292,2019-09-30,000736.SZ
29202,178314,2019-09-30,000779.SZ
29227,178339,2019-09-30,000811.SZ
29272,178384,2019-09-30,000886.SZ
29289,178401,2019-09-30,000908.SZ
29299,178411,2019-09-30,000920.SZ
29313,178425,2019-09-30,000936.SZ
29326,178438,2019-09-30,000960.SZ
29328,178440,2019-09-30,000962.SZ
29329,178441,2019-09-30,000963.SZ
29340,178452,2019-09-30,000976.SZ
29367,178479,2019-09-30,002006.SZ
29392,178504,2019-09-30,002031.SZ
29407,178519,2019-09-30,002046.SZ
29414,178526,2019-09-30,002053.SZ
29467,178579,2019-09-30,002107.SZ
29469,178581,2019-09-30,002109.SZ
29475,178587,2019-09-30,002115.SZ
29499,178611,2019-09-30,002139.SZ
29501,178613,2019-09-30,002141.SZ
29521,178633,2019-09-30,002161.SZ
29522,178634,2019-09-30,002162.SZ
29533,178645,2019-09-30,002173.SZ
29569,178681,2019-09-30,002209.SZ
29578,178690,2019-09-30,002218.SZ
29603,178715,2019-09-30,002243.SZ
29615,178727,2019-09-30,002255.SZ
29629,178741,2019-09-30,002271.SZ
29640,178752,2019-09-30,002282.SZ
29660,178772,2019-09-30,002302.SZ
29697,178809,2019-09-30,002339.SZ
29705,178817,2019-09-30,002347.SZ
29726,178838,2019-09-30,002368.SZ
29753,178865,2019-09-30,002395.SZ
29779,178891,2019-09-30,002421.SZ
29787,178899,2019-09-30,002429.SZ
29794,178906,2019-09-30,002436.SZ
29807,178919,2019-09-30,002449.SZ
29864,178976,2019-09-30,002507.SZ
29910,179022,2019-09-30,002554.SZ
29916,179028,2019-09-30,002560.SZ
29935,179047,2019-09-30,002579.SZ
29946,179058,2019-09-30,002590.SZ
29950,179062,2019-09-30,002594.SZ
29970,179082,2019-09-30,002615.SZ
29973,179085,2019-09-30,002618.SZ
30001,179113,2019-09-30,002646.SZ
30007,179119,2019-09-30,002652.SZ
30014,179126,2019-09-30,002659.SZ
30036,179148,2019-09-30,002682.SZ
30045,179157,2019-09-30,002691.SZ
30062,179174,2019-09-30,002709.SZ
30064,179176,2019-09-30,002712.SZ
30089,179201,2019-09-30,002738.SZ
30098,179210,2019-09-30,002748.SZ
30103,179215,2019-09-30,002753.SZ
30115,179227,2019-09-30,002767.SZ
30117,179229,2019-09-30,002769.SZ
30122,179234,2019-09-30,002774.SZ
30126,179238,2019-09-30,002778.SZ
30137,179249,2019-09-30,002790.SZ
30148,179260,2019-09-30,002802.SZ
30167,179279,2019-09-30,002823.SZ
30168,179280,2019-09-30,002824.SZ
30175,179287,2019-09-30,002831.SZ
30180,179292,2019-09-30,002837.SZ
30188,179300,2019-09-30,002846.SZ
30191,179303,2019-09-30,002849.SZ
30201,179313,2019-09-30,002860.SZ
30206,179318,2019-09-30,002865.SZ
30215,179327,2019-09-30,002875.SZ
30223,179335,2019-09-30,002883.SZ
30228,179340,2019-09-30,002888.SZ
30234,179346,2019-09-30,002895.SZ
30247,179359,2019-09-30,002909.SZ
30248,179360,2019-09-30,002910.SZ
30260,179372,2019-09-30,002923.SZ
30266,179378,2019-09-30,002930.SZ
30298,179410,2019-09-30,300001.SZ
30307,179419,2019-09-30,300010.SZ
30314,179426,2019-09-30,300017.SZ
30322,179434,2019-09-30,300025.SZ
30340,179452,2019-09-30,300044.SZ
30341,179453,2019-09-30,300045.SZ
30342,179454,2019-09-30,300046.SZ
30346,179458,2019-09-30,300050.SZ
30355,179467,2019-09-30,300059.SZ
30365,179477,2019-09-30,300070.SZ
30370,179482,2019-09-30,300075.SZ
30381,179493,2019-09-30,300086.SZ
30392,179504,2019-09-30,300097.SZ
30396,179508,2019-09-30,300101.SZ
30403,179515,2019-09-30,300109.SZ
30406,179518,2019-09-30,300112.SZ
30436,179548,2019-09-30,300142.SZ
30452,179564,2019-09-30,300158.SZ
30477,179589,2019-09-30,300183.SZ
30481,179593,2019-09-30,300188.SZ
30490,179602,2019-09-30,300197.SZ
30497,179609,2019-09-30,300204.SZ
30521,179633,2019-09-30,300229.SZ
30526,179638,2019-09-30,300234.SZ
30535,179647,2019-09-30,300243.SZ
30544,179656,2019-09-30,300252.SZ
30573,179685,2019-09-30,300281.SZ
30576,179688,2019-09-30,300284.SZ
30589,179701,2019-09-30,300297.SZ
30591,179703,2019-09-30,300299.SZ
30611,179723,2019-09-30,300319.SZ
30619,179731,2019-09-30,300327.SZ
30626,179738,2019-09-30,300334.SZ
30636,179748,2019-09-30,300344.SZ
30641,179753,2019-09-30,300349.SZ
30648,179760,2019-09-30,300356.SZ
30692,179804,2019-09-30,300402.SZ
30715,179827,2019-09-30,300425.SZ
30717,179829,2019-09-30,300427.SZ
30725,179837,2019-09-30,300435.SZ
30743,179855,2019-09-30,300453.SZ
30745,179857,2019-09-30,300455.SZ
30781,179893,2019-09-30,300491.SZ
30801,179913,2019-09-30,300511.SZ
30802,179914,2019-09-30,300512.SZ
30805,179917,2019-09-30,300515.SZ
30808,179920,2019-09-30,300518.SZ
30821,179933,2019-09-30,300532.SZ
30823,179935,2019-09-30,300534.SZ
30837,179949,2019-09-30,300549.SZ
30850,179962,2019-09-30,300562.SZ
30866,179978,2019-09-30,300580.SZ
30877,179989,2019-09-30,300591.SZ
30878,179990,2019-09-30,300592.SZ
30883,179995,2019-09-30,300597.SZ
30916,180028,2019-09-30,300631.SZ
30919,180031,2019-09-30,300634.SZ
30920,180032,2019-09-30,300635.SZ
30930,180042,2019-09-30,300645.SZ
30932,180044,2019-09-30,300648.SZ
30940,180052,2019-09-30,300656.SZ
30962,180074,2019-09-30,300678.SZ
30972,180084,2019-09-30,300688.SZ
30980,180092,2019-09-30,300696.SZ
30990,180102,2019-09-30,300707.SZ
30999,180111,2019-09-30,300717.SZ
31002,180114,2019-09-30,300720.SZ
31009,180121,2019-09-30,300727.SZ
31042,180154,2019-09-30,300765.SZ
31171,180283,2019-09-30,600127.SH
31231,180343,2019-09-30,600197.SH
31236,180348,2019-09-30,600202.SH
31317,180429,2019-09-30,600298.SH
31328,180440,2019-09-30,600310.SH
31346,180458,2019-09-30,600330.SH
31348,180460,2019-09-30,600332.SH
31370,180482,2019-09-30,600361.SH
31374,180486,2019-09-30,600366.SH
31386,180498,2019-09-30,600379.SH
31428,180540,2019-09-30,600439.SH
31463,180575,2019-09-30,600493.SH
31472,180584,2019-09-30,600503.SH
31474,180586,2019-09-30,600506.SH
31522,180634,2019-09-30,600562.SH
31537,180649,2019-09-30,600579.SH
31541,180653,2019-09-30,600583.SH
31553,180665,2019-09-30,600596.SH
31572,180684,2019-09-30,600617.SH
31576,180688,2019-09-30,600621.SH
31580,180692,2019-09-30,600626.SH
31596,180708,2019-09-30,600645.SH
31704,180816,2019-09-30,600764.SH
31722,180834,2019-09-30,600783.SH
31781,180893,2019-09-30,600851.SH
31784,180896,2019-09-30,600855.SH
31791,180903,2019-09-30,600862.SH
31837,180949,2019-09-30,600933.SH
31847,180959,2019-09-30,600966.SH
31887,180999,2019-09-30,601011.SH
31974,181086,2019-09-30,601555.SH
31995,181107,2019-09-30,601633.SH
32024,181136,2019-09-30,601858.SH
32028,181140,2019-09-30,601869.SH
32033,181145,2019-09-30,601881.SH
32049,181161,2019-09-30,601949.SH
32050,181162,2019-09-30,601952.SH
32079,181191,2019-09-30,603013.SH
32081,181193,2019-09-30,603016.SH
32087,181199,2019-09-30,603022.SH
32109,181221,2019-09-30,603055.SH
32114,181226,2019-09-30,603063.SH
32129,181241,2019-09-30,603089.SH
32133,181245,2019-09-30,603098.SH
32154,181266,2019-09-30,603131.SH
32174,181286,2019-09-30,603181.SH
32175,181287,2019-09-30,603183.SH
32190,181302,2019-09-30,603217.SH
32194,181306,2019-09-30,603223.SH
32206,181318,2019-09-30,603258.SH
32211,181323,2019-09-30,603268.SH
32222,181334,2019-09-30,603299.SH
32227,181339,2019-09-30,603306.SH
32228,181340,2019-09-30,603308.SH
32243,181355,2019-09-30,603328.SH
32249,181361,2019-09-30,603335.SH
32255,181367,2019-09-30,603348.SH
32265,181377,2019-09-30,603366.SH
32276,181388,2019-09-30,603387.SH
32283,181395,2019-09-30,603416.SH
32287,181399,2019-09-30,603456.SH
32299,181411,2019-09-30,603507.SH
32300,181412,2019-09-30,603508.SH
32318,181430,2019-09-30,603559.SH
32335,181447,2019-09-30,603596.SH
32336,181448,2019-09-30,603598.SH
32350,181462,2019-09-30,603615.SH
32359,181471,2019-09-30,603633.SH
32371,181483,2019-09-30,603660.SH
32380,181492,2019-09-30,603676.SH
32381,181493,2019-09-30,603677.SH
32382,181494,2019-09-30,603678.SH
32384,181496,2019-09-30,603680.SH
32396,181508,2019-09-30,603698.SH
32407,181519,2019-09-30,603713.SH
32414,181526,2019-09-30,603726.SH
32417,181529,2019-09-30,603729.SH
32425,181537,2019-09-30,603758.SH
32427,181539,2019-09-30,603767.SH
32446,181558,2019-09-30,603809.SH
32451,181563,2019-09-30,603817.SH
32456,181568,2019-09-30,603825.SH
32459,181571,2019-09-30,603829.SH
32464,181576,2019-09-30,603848.SH
32497,181609,2019-09-30,603901.SH
32509,181621,2019-09-30,603922.SH
32539,181651,2019-09-30,603987.SH
32613,181725,2019-10-31,000037.SZ
32678,181790,2019-10-31,000430.SZ
32728,181840,2019-10-31,000558.SZ
32742,181854,2019-10-31,000576.SZ
32770,181882,2019-10-31,000613.SZ
32778,181890,2019-10-31,000625.SZ
32794,181906,2019-10-31,000652.SZ
32881,181993,2019-10-31,000779.SZ
32906,182018,2019-10-31,000811.SZ
32923,182035,2019-10-31,000833.SZ
32932,182044,2019-10-31,000852.SZ
32933,182045,2019-10-31,000856.SZ
32939,182051,2019-10-31,000863.SZ
32944,182056,2019-10-31,000877.SZ
32969,182081,2019-10-31,000909.SZ
32978,182090,2019-10-31,000920.SZ
32988,182100,2019-10-31,000931.SZ
32994,182106,2019-10-31,000938.SZ
33019,182131,2019-10-31,000976.SZ
33032,182144,2019-10-31,000996.SZ
33033,182145,2019-10-31,000997.SZ
33046,182158,2019-10-31,002006.SZ
33062,182174,2019-10-31,002023.SZ
33069,182181,2019-10-31,002030.SZ
33070,182182,2019-10-31,002031.SZ
33077,182189,2019-10-31,002038.SZ
33081,182193,2019-10-31,002042.SZ
33094,182206,2019-10-31,002055.SZ
33118,182230,2019-10-31,002080.SZ
33119,182231,2019-10-31,002081.SZ
33131,182243,2019-10-31,002093.SZ
33134,182246,2019-10-31,002096.SZ
33163,182275,2019-10-31,002125.SZ
33174,182286,2019-10-31,002136.SZ
33176,182288,2019-10-31,002138.SZ
33192,182304,2019-10-31,002155.SZ
33201,182313,2019-10-31,002164.SZ
33210,182322,2019-10-31,002173.SZ
33219,182331,2019-10-31,002182.SZ
33252,182364,2019-10-31,002215.SZ
33254,182366,2019-10-31,002217.SZ
33260,182372,2019-10-31,002223.SZ
33277,182389,2019-10-31,002240.SZ
33297,182409,2019-10-31,002262.SZ
33307,182419,2019-10-31,002272.SZ
33319,182431,2019-10-31,002284.SZ
33332,182444,2019-10-31,002297.SZ
33337,182449,2019-10-31,002302.SZ
33366,182478,2019-10-31,002331.SZ
33381,182493,2019-10-31,002346.SZ
33397,182509,2019-10-31,002362.SZ
33421,182533,2019-10-31,002386.SZ
33442,182554,2019-10-31,002407.SZ
33457,182569,2019-10-31,002422.SZ
33458,182570,2019-10-31,002423.SZ
33465,182577,2019-10-31,002430.SZ
33472,182584,2019-10-31,002437.SZ
33483,182595,2019-10-31,002448.SZ
33490,182602,2019-10-31,002455.SZ
33495,182607,2019-10-31,002460.SZ
33512,182624,2019-10-31,002478.SZ
33517,182629,2019-10-31,002483.SZ
33523,182635,2019-10-31,002489.SZ
33529,182641,2019-10-31,002495.SZ
33557,182669,2019-10-31,002523.SZ
33582,182694,2019-10-31,002549.SZ
33616,182728,2019-10-31,002583.SZ
33617,182729,2019-10-31,002584.SZ
33622,182734,2019-10-31,002589.SZ
33644,182756,2019-10-31,002612.SZ
33669,182781,2019-10-31,002637.SZ
33691,182803,2019-10-31,002659.SZ
33698,182810,2019-10-31,002666.SZ
33717,182829,2019-10-31,002686.SZ
33724,182836,2019-10-31,002693.SZ
33755,182867,2019-10-31,002727.SZ
33758,182870,2019-10-31,002730.SZ
33774,182886,2019-10-31,002747.SZ
33779,182891,2019-10-31,002752.SZ
33782,182894,2019-10-31,002756.SZ
33784,182896,2019-10-31,002758.SZ
33786,182898,2019-10-31,002760.SZ
33799,182911,2019-10-31,002774.SZ
33805,182917,2019-10-31,002780.SZ
33814,182926,2019-10-31,002790.SZ
33819,182931,2019-10-31,002796.SZ
33828,182940,2019-10-31,002806.SZ
33844,182956,2019-10-31,002823.SZ
33845,182957,2019-10-31,002824.SZ
33848,182960,2019-10-31,002827.SZ
33849,182961,2019-10-31,002828.SZ
33850,182962,2019-10-31,002829.SZ
33865,182977,2019-10-31,002846.SZ
33868,182980,2019-10-31,002849.SZ
33871,182983,2019-10-31,002852.SZ
33872,182984,2019-10-31,002853.SZ
33874,182986,2019-10-31,002856.SZ
33889,183001,2019-10-31,002871.SZ
33891,183003,2019-10-31,002873.SZ
33892,183004,2019-10-31,002875.SZ
33894,183006,2019-10-31,002877.SZ
33897,183009,2019-10-31,002880.SZ
33902,183014,2019-10-31,002885.SZ
33916,183028,2019-10-31,002900.SZ
33921,183033,2019-10-31,002906.SZ
33945,183057,2019-10-31,002932.SZ
33947,183059,2019-10-31,002935.SZ
33966,183078,2019-10-31,002956.SZ
33981,183093,2019-10-31,300005.SZ
33989,183101,2019-10-31,300013.SZ
33993,183105,2019-10-31,300017.SZ
34019,183131,2019-10-31,300044.SZ
34037,183149,2019-10-31,300063.SZ
34043,183155,2019-10-31,300069.SZ
34047,183159,2019-10-31,300073.SZ
34071,183183,2019-10-31,300097.SZ
34072,183184,2019-10-31,300098.SZ
34075,183187,2019-10-31,300101.SZ
34106,183218,2019-10-31,300133.SZ
34114,183226,2019-10-31,300141.SZ
34116,183228,2019-10-31,300143.SZ
34124,183236,2019-10-31,300151.SZ
34134,183246,2019-10-31,300161.SZ
34146,183258,2019-10-31,300173.SZ
34160,183272,2019-10-31,300188.SZ
34195,183307,2019-10-31,300224.SZ
34198,183310,2019-10-31,300227.SZ
34203,183315,2019-10-31,300232.SZ
34208,183320,2019-10-31,300237.SZ
34214,183326,2019-10-31,300243.SZ
34220,183332,2019-10-31,300249.SZ
34223,183335,2019-10-31,300252.SZ
34236,183348,2019-10-31,300265.SZ
34252,183364,2019-10-31,300281.SZ
34272,183384,2019-10-31,300301.SZ
34275,183387,2019-10-31,300304.SZ
34292,183404,2019-10-31,300321.SZ
34330,183442,2019-10-31,300359.SZ
34342,183454,2019-10-31,300373.SZ
34350,183462,2019-10-31,300381.SZ
34358,183470,2019-10-31,300389.SZ
34367,183479,2019-10-31,300398.SZ
34369,183481,2019-10-31,300400.SZ
34378,183490,2019-10-31,300409.SZ
34389,183501,2019-10-31,300420.SZ
34394,183506,2019-10-31,300425.SZ
34403,183515,2019-10-31,300434.SZ
34406,183518,2019-10-31,300437.SZ
34415,183527,2019-10-31,300446.SZ
34416,183528,2019-10-31,300447.SZ
34457,183569,2019-10-31,300488.SZ
34473,183585,2019-10-31,300504.SZ
34476,183588,2019-10-31,300507.SZ
34480,183592,2019-10-31,300511.SZ
34496,183608,2019-10-31,300528.SZ
34523,183635,2019-10-31,300556.SZ
34534,183646,2019-10-31,300568.SZ
34552,183664,2019-10-31,300587.SZ
34556,183668,2019-10-31,300591.SZ
34576,183688,2019-10-31,300611.SZ
34580,183692,2019-10-31,300616.SZ
34583,183695,2019-10-31,300619.SZ
34599,183711,2019-10-31,300635.SZ
34607,183719,2019-10-31,300643.SZ
34619,183731,2019-10-31,300656.SZ
34640,183752,2019-10-31,300677.SZ
34642,183754,2019-10-31,300679.SZ
34682,183794,2019-10-31,300721.SZ
34684,183796,2019-10-31,300723.SZ
34688,183800,2019-10-31,300727.SZ
34704,183816,2019-10-31,300746.SZ
34713,183825,2019-10-31,300756.SZ
34721,183833,2019-10-31,300765.SZ
34757,183869,2019-10-31,600010.SH
34806,183918,2019-10-31,600075.SH
34818,183930,2019-10-31,600088.SH
34835,183947,2019-10-31,600107.SH
34873,183985,2019-10-31,600151.SH
34884,183996,2019-10-31,600163.SH
34885,183997,2019-10-31,600165.SH
34891,184003,2019-10-31,600171.SH
34919,184031,2019-10-31,600202.SH
34921,184033,2019-10-31,600206.SH
34945,184057,2019-10-31,600232.SH
34962,184074,2019-10-31,600251.SH
34991,184103,2019-10-31,600287.SH
35034,184146,2019-10-31,600336.SH
35040,184152,2019-10-31,600345.SH
35046,184158,2019-10-31,600353.SH
35052,184164,2019-10-31,600360.SH
35056,184168,2019-10-31,600365.SH
35117,184229,2019-10-31,600455.SH
35118,184230,2019-10-31,600456.SH
35133,184245,2019-10-31,600478.SH
35158,184270,2019-10-31,600507.SH
35166,184278,2019-10-31,600516.SH
35167,184279,2019-10-31,600517.SH
35186,184298,2019-10-31,600538.SH
35197,184309,2019-10-31,600552.SH
35203,184315,2019-10-31,600560.SH
35230,184342,2019-10-31,600589.SH
35260,184372,2019-10-31,600622.SH
35270,184382,2019-10-31,600636.SH
35279,184391,2019-10-31,600645.SH
35298,184410,2019-10-31,600667.SH
35316,184428,2019-10-31,600689.SH
35355,184467,2019-10-31,600730.SH
35360,184472,2019-10-31,600735.SH
35374,184486,2019-10-31,600749.SH
35378,184490,2019-10-31,600754.SH
35387,184499,2019-10-31,600764.SH
35393,184505,2019-10-31,600770.SH
35430,184542,2019-10-31,600812.SH
35443,184555,2019-10-31,600826.SH
35451,184563,2019-10-31,600835.SH
35458,184570,2019-10-31,600844.SH
35474,184586,2019-10-31,600862.SH
35505,184617,2019-10-31,600894.SH
35542,184654,2019-10-31,600980.SH
35552,184664,2019-10-31,600990.SH
35556,184668,2019-10-31,600996.SH
35579,184691,2019-10-31,601038.SH
35593,184705,2019-10-31,601108.SH
35598,184710,2019-10-31,601118.SH
35644,184756,2019-10-31,601339.SH
35677,184789,2019-10-31,601619.SH
35708,184820,2019-10-31,601858.SH
35763,184875,2019-10-31,603013.SH
35764,184876,2019-10-31,603015.SH
35772,184884,2019-10-31,603023.SH
35786,184898,2019-10-31,603039.SH
35792,184904,2019-10-31,603050.SH
35793,184905,2019-10-31,603055.SH
35795,184907,2019-10-31,603058.SH
35800,184912,2019-10-31,603067.SH
35802,184914,2019-10-31,603069.SH
35814,184926,2019-10-31,603090.SH
35827,184939,2019-10-31,603113.SH
35838,184950,2019-10-31,603131.SH
35846,184958,2019-10-31,603159.SH
35854,184966,2019-10-31,603177.SH
35856,184968,2019-10-31,603179.SH
35860,184972,2019-10-31,603185.SH
35895,185007,2019-10-31,603268.SH
35915,185027,2019-10-31,603313.SH
35922,185034,2019-10-31,603321.SH
35939,185051,2019-10-31,603348.SH
35942,185054,2019-10-31,603356.SH
35960,185072,2019-10-31,603387.SH
35962,185074,2019-10-31,603389.SH
35992,185104,2019-10-31,603528.SH
36013,185125,2019-10-31,603586.SH
36017,185129,2019-10-31,603590.SH
36023,185135,2019-10-31,603601.SH
36040,185152,2019-10-31,603626.SH
36042,185154,2019-10-31,603629.SH
36049,185161,2019-10-31,603648.SH
36050,185162,2019-10-31,603650.SH
36053,185165,2019-10-31,603657.SH
36056,185168,2019-10-31,603660.SH
36065,185177,2019-10-31,603676.SH
36067,185179,2019-10-31,603678.SH
36081,185193,2019-10-31,603698.SH
36089,185201,2019-10-31,603709.SH
36099,185211,2019-10-31,603726.SH
36100,185212,2019-10-31,603727.SH
36109,185221,2019-10-31,603757.SH
36115,185227,2019-10-31,603776.SH
36117,185229,2019-10-31,603778.SH
36118,185230,2019-10-31,603779.SH
36123,185235,2019-10-31,603790.SH
36151,185263,2019-10-31,603848.SH
36173,185285,2019-10-31,603886.SH
36179,185291,2019-10-31,603896.SH
36196,185308,2019-10-31,603922.SH
36216,185328,2019-10-31,603970.SH
